,sombra_media_%,sombra_mediana_%,sombra_p90_%,sombra_max_%,h_con_sombra,h_sombra_>10%,h_sombra_>50%,sombra_irr_ponderada_%,energia_bloqueada_kWh_m2,energia_incidente_kWh_m2
SA1_ST30,87.62,100.0,100.0,100.0,7710,7704,7679,70.88,70.23,28.85
SA1_ST28,87.8,100.0,100.0,100.0,7719,7713,7689,71.42,70.76,28.32
SA1_ST25,87.86,100.0,100.0,100.0,7735,7727,7705,71.87,71.2,27.87
SA1_ST13,87.1,100.0,100.0,100.0,7680,7666,7630,69.23,68.59,30.49
SA1_ST17,87.67,100.0,100.0,100.0,7734,7724,7675,71.83,71.17,27.91
SA1_ST23,87.58,100.0,100.0,100.0,7755,7742,7663,71.28,70.63,28.45
SA1_ST26,87.87,100.0,100.0,100.0,7730,7722,7700,71.73,71.07,28.01
SA1_ST29,87.74,100.0,100.0,100.0,7714,7708,7683,71.38,70.72,28.35
SA1_ST5,85.83,100.0,100.0,100.0,7553,7545,7517,63.01,62.43,36.65
SA1_ST22,87.64,100.0,100.0,100.0,7731,7703,7675,71.5,70.84,28.23
SA1_ST11,86.99,100.0,100.0,100.0,7645,7637,7620,67.95,67.32,31.75
SA1_ST4,85.57,100.0,100.0,100.0,7535,7526,7498,61.85,61.28,37.8
SA1_ST20,87.7,100.0,100.0,100.0,7728,7713,7682,71.91,71.25,27.83
SA1_ST31,87.23,100.0,100.0,100.0,7688,7678,7639,69.28,68.64,30.43
SA1_ST16,87.29,100.0,100.0,100.0,7692,7681,7645,70.4,69.75,29.33
SA1_ST1,83.86,100.0,100.0,100.0,7388,7376,7346,55.28,54.77,44.31
SA1_ST12,87.14,100.0,100.0,100.0,7689,7678,7645,68.82,68.19,30.89
SA1_ST10,87.08,100.0,100.0,100.0,7651,7644,7628,68.28,67.65,31.42
SA1_ST8,86.51,100.0,100.0,100.0,7616,7606,7576,66.04,65.43,33.65
SA1_ST19,87.79,100.0,100.0,100.0,7730,7717,7690,72.14,71.47,27.61
SA1_ST14,86.99,100.0,100.0,100.0,7673,7657,7619,69.03,68.39,30.69
SA1_ST21,87.63,100.0,100.0,100.0,7731,7712,7669,71.58,70.92,28.16
SA1_ST18,87.83,100.0,100.0,100.0,7731,7718,7692,72.3,71.63,27.45
SA1_ST24,87.82,100.0,100.0,100.0,7745,7738,7691,71.84,71.17,27.9
SA1_ST32,86.97,100.0,100.0,100.0,7664,7655,7619,68.31,67.68,31.4
SA1_ST9,86.94,100.0,100.0,100.0,7662,7654,7612,67.7,67.07,32.01
SA1_ST3,84.81,100.0,100.0,100.0,7490,7475,7427,58.98,58.44,40.64
SA1_ST6,86.03,100.0,100.0,100.0,7570,7562,7536,64.16,63.57,35.51
SA1_ST7,86.27,100.0,100.0,100.0,7591,7583,7557,65.2,64.6,34.48
SA1_ST15,87.12,100.0,100.0,100.0,7674,7663,7631,69.45,68.81,30.27
SA1_ST27,87.85,100.0,100.0,100.0,7724,7718,7694,71.6,70.94,28.13
SA1_ST2,84.26,100.0,100.0,100.0,7429,7416,7379,56.87,56.34,42.73
SA1_ST62,82.3,100.0,100.0,100.0,7258,7245,7208,49.67,49.21,49.86
SA1_ST60,82.22,100.0,100.0,100.0,7237,7232,7201,49.04,48.59,50.48
SA1_ST57,81.97,100.0,100.0,100.0,7252,7235,7175,47.77,47.33,51.75
SA1_ST45,82.92,100.0,100.0,100.0,7306,7297,7261,53.92,53.43,45.65
SA1_ST49,81.78,100.0,100.0,100.0,7215,7199,7160,49.66,49.2,49.88
SA1_ST55,82.05,100.0,100.0,100.0,7227,7221,7185,48.87,48.42,50.66
SA1_ST58,82.33,100.0,100.0,100.0,7256,7251,7210,48.86,48.41,50.66
SA1_ST61,82.19,100.0,100.0,100.0,7252,7243,7193,49.17,48.72,50.36
SA1_ST37,85.81,100.0,100.0,100.0,7575,7558,7516,64.76,64.16,34.92
SA1_ST54,82.09,100.0,100.0,100.0,7229,7223,7190,49.21,48.76,50.32
SA1_ST43,83.52,100.0,100.0,100.0,7371,7364,7317,56.76,56.23,42.85
SA1_ST36,86.02,100.0,100.0,100.0,7589,7577,7534,65.44,64.84,34.24
SA1_ST52,82.2,100.0,100.0,100.0,7239,7233,7201,49.43,48.97,50.1
SA1_ST63,82.43,100.0,100.0,100.0,7288,7271,7216,49.99,49.53,49.55
SA1_ST48,81.81,100.0,100.0,100.0,7205,7197,7166,50.1,49.64,49.44
SA1_ST33,86.62,100.0,100.0,100.0,7642,7618,7584,67.19,66.57,32.5
SA1_ST44,83.21,100.0,100.0,100.0,7331,7324,7286,55.36,54.85,44.23
SA1_ST42,83.79,100.0,100.0,100.0,7396,7383,7337,57.82,57.29,41.79
SA1_ST40,84.47,100.0,100.0,100.0,7461,7441,7398,60.25,59.7,39.38
SA1_ST51,82.0,100.0,100.0,100.0,7234,7223,7182,49.35,48.9,50.18
SA1_ST46,82.56,100.0,100.0,100.0,7277,7270,7233,52.51,52.02,47.05
SA1_ST53,82.11,100.0,100.0,100.0,7232,7225,7193,49.2,48.75,50.33
SA1_ST50,81.93,100.0,100.0,100.0,7228,7218,7178,49.66,49.2,49.88
SA1_ST56,81.96,100.0,100.0,100.0,7227,7216,7179,48.44,47.99,51.09
SA1_ST64,82.9,100.0,100.0,100.0,7313,7301,7267,51.7,51.22,47.85
SA1_ST41,84.05,100.0,100.0,100.0,7407,7395,7360,58.71,58.17,40.91
SA1_ST35,86.22,100.0,100.0,100.0,7610,7595,7554,66.05,65.44,33.64
SA1_ST38,85.45,100.0,100.0,100.0,7546,7528,7484,63.36,62.78,36.3
SA1_ST39,84.99,100.0,100.0,100.0,7506,7493,7445,61.89,61.32,37.76
SA1_ST47,82.12,100.0,100.0,100.0,7261,7250,7200,51.23,50.75,48.32
SA1_ST59,82.29,100.0,100.0,100.0,7243,7238,7209,49.05,48.59,50.48
SA1_ST34,86.41,100.0,100.0,100.0,7630,7614,7568,66.48,65.86,33.21
SA4_ST8,85.32,100.0,100.0,100.0,7513,7502,7472,62.06,61.49,37.59
SA4_ST6,84.92,100.0,100.0,100.0,7471,7461,7438,60.45,59.89,39.18
SA4_ST3,83.7,100.0,100.0,100.0,7389,7374,7330,55.25,54.74,44.34
SA3_ST105,74.31,100.0,100.0,100.0,6555,6545,6507,31.16,30.87,68.21
SA3_ST109,72.93,100.0,100.0,100.0,6435,6425,6387,27.79,27.53,71.55
SA4_ST1,82.87,100.0,100.0,100.0,7290,7283,7259,52.22,51.73,47.34
SA4_ST4,84.47,100.0,100.0,100.0,7435,7427,7401,58.17,57.63,41.45
SA4_ST7,85.13,100.0,100.0,100.0,7491,7482,7457,61.37,60.8,38.28
SA3_ST97,75.92,100.0,100.0,100.0,6697,6677,6651,34.75,34.43,64.65
SA3_ST114,70.36,100.0,100.0,100.0,6206,6198,6161,20.91,20.71,78.36
SA3_ST103,74.39,100.0,100.0,100.0,6560,6548,6515,30.85,30.56,68.52
SA3_ST96,76.34,100.0,100.0,100.0,6742,6728,6685,36.02,35.68,63.39
SA3_ST112,71.38,100.0,100.0,100.0,6299,6286,6249,23.57,23.35,75.73
SA4_ST9,85.69,100.0,100.0,100.0,7556,7548,7502,63.62,63.03,36.04
SA3_ST108,73.39,100.0,100.0,100.0,6473,6460,6429,29.19,28.92,70.15
SA3_ST93,77.48,100.0,100.0,100.0,6835,6822,6787,38.95,38.59,60.48
SA3_ST104,74.38,100.0,100.0,100.0,6561,6552,6515,30.99,30.7,68.37
SA3_ST102,74.6,100.0,100.0,100.0,6572,6565,6533,31.2,30.91,68.17
SA3_ST100,75.09,100.0,100.0,100.0,6613,6604,6577,32.27,31.97,67.11
SA3_ST111,71.79,100.0,100.0,100.0,6334,6324,6290,24.99,24.76,74.32
SA3_ST106,74.07,100.0,100.0,100.0,6536,6526,6488,30.97,30.68,68.4
SA3_ST113,70.94,100.0,100.0,100.0,6258,6242,6214,22.44,22.23,76.85
SA3_ST110,72.29,100.0,100.0,100.0,6390,6378,6332,26.43,26.19,72.89
SA4_ST2,83.13,100.0,100.0,100.0,7330,7317,7279,53.16,52.67,46.41
SA4_ST10,85.73,100.0,100.0,100.0,7540,7530,7506,63.93,63.34,35.74
SA3_ST101,74.81,100.0,100.0,100.0,6590,6583,6553,31.68,31.39,67.69
SA3_ST95,76.83,100.0,100.0,100.0,6778,6768,6730,37.34,37.0,62.08
SA3_ST98,75.62,100.0,100.0,100.0,6658,6651,6623,33.71,33.4,65.68
SA3_ST99,75.31,100.0,100.0,100.0,6632,6622,6596,32.75,32.45,66.63
SA3_ST107,73.75,100.0,100.0,100.0,6507,6494,6460,30.29,30.01,69.07
SA4_ST5,84.72,100.0,100.0,100.0,7454,7445,7419,59.33,58.78,40.29
SA3_ST94,77.18,100.0,100.0,100.0,6806,6796,6764,38.19,37.84,61.24
SA4_ST40,82.74,100.0,100.0,100.0,7303,7287,7247,55.18,54.67,44.41
SA4_ST38,83.21,100.0,100.0,100.0,7346,7331,7288,56.74,56.22,42.86
SA4_ST35,83.81,100.0,100.0,100.0,7382,7372,7340,58.96,58.42,40.66
SA4_ST23,85.92,100.0,100.0,100.0,7593,7580,7520,66.6,65.98,33.09
SA4_ST27,86.01,100.0,100.0,100.0,7570,7559,7532,66.45,65.84,33.24
SA4_ST33,84.53,100.0,100.0,100.0,7461,7446,7398,61.36,60.79,38.28
SA4_ST36,83.52,100.0,100.0,100.0,7362,7351,7315,58.19,57.65,41.43
SA4_ST39,83.04,100.0,100.0,100.0,7330,7317,7275,56.1,55.58,43.5
SA4_ST15,85.71,100.0,100.0,100.0,7552,7541,7507,65.15,64.55,34.52
SA4_ST32,84.98,100.0,100.0,100.0,7499,7486,7444,62.78,62.2,36.87
SA4_ST21,86.0,100.0,100.0,100.0,7557,7551,7532,66.84,66.23,32.85
SA4_ST14,85.76,100.0,100.0,100.0,7548,7539,7513,65.21,64.61,34.47
SA4_ST30,85.76,100.0,100.0,100.0,7558,7547,7516,65.68,65.08,34.0
SA4_ST41,82.38,100.0,100.0,100.0,7269,7256,7215,53.92,53.42,45.66
SA4_ST26,86.04,100.0,100.0,100.0,7573,7565,7537,66.58,65.97,33.11
SA4_ST11,85.66,100.0,100.0,100.0,7520,7515,7502,63.74,63.15,35.92
SA4_ST22,86.01,100.0,100.0,100.0,7556,7552,7533,66.89,66.28,32.8
SA4_ST20,86.0,100.0,100.0,100.0,7554,7551,7532,66.84,66.23,32.85
SA4_ST18,86.14,100.0,100.0,100.0,7566,7561,7544,67.11,66.49,32.59
SA4_ST29,85.9,100.0,100.0,100.0,7563,7553,7523,66.23,65.62,33.46
SA4_ST24,86.09,100.0,100.0,100.0,7580,7572,7542,66.97,66.35,32.73
SA4_ST31,85.34,100.0,100.0,100.0,7534,7519,7474,64.03,63.44,35.64
SA4_ST28,85.96,100.0,100.0,100.0,7567,7556,7529,66.28,65.67,33.41
SA4_ST34,84.18,100.0,100.0,100.0,7422,7404,7372,60.12,59.56,39.51
SA4_ST42,82.14,100.0,100.0,100.0,7268,7250,7193,53.09,52.6,46.47
SA4_ST19,86.08,100.0,100.0,100.0,7563,7556,7540,66.96,66.34,32.73
SA4_ST13,85.84,100.0,100.0,100.0,7557,7548,7519,65.27,64.67,34.41
SA4_ST16,85.7,100.0,100.0,100.0,7557,7547,7500,65.51,64.91,34.17
SA4_ST17,86.0,100.0,100.0,100.0,7583,7570,7530,66.62,66.0,33.07
SA4_ST25,86.06,100.0,100.0,100.0,7576,7567,7539,66.76,66.15,32.93
SA4_ST37,83.35,100.0,100.0,100.0,7357,7335,7299,57.48,56.95,42.13
SA4_ST12,85.81,100.0,100.0,100.0,7562,7554,7524,64.64,64.04,35.04
SA4_ST72,80.05,100.0,100.0,100.0,7069,7053,7012,43.77,43.37,55.71
SA4_ST70,80.31,100.0,100.0,100.0,7099,7085,7031,44.39,43.98,55.09
SA4_ST67,80.07,100.0,100.0,100.0,7082,7048,7014,42.94,42.54,56.53
SA4_ST55,80.36,100.0,100.0,100.0,7087,7074,7039,43.77,43.37,55.71
SA4_ST59,80.18,100.0,100.0,100.0,7069,7057,7026,42.64,42.24,56.83
SA4_ST65,80.22,100.0,100.0,100.0,7082,7063,7024,43.25,42.85,56.23
SA4_ST68,80.17,100.0,100.0,100.0,7092,7066,7023,43.58,43.18,55.9
SA4_ST71,80.24,100.0,100.0,100.0,7097,7073,7029,44.27,43.86,55.22
SA4_ST47,80.85,100.0,100.0,100.0,7148,7135,7086,47.28,46.84,52.24
SA4_ST64,80.31,100.0,100.0,100.0,7085,7071,7041,43.37,42.97,56.11
SA4_ST53,80.67,100.0,100.0,100.0,7120,7107,7065,44.61,44.2,54.88
SA4_ST46,81.34,100.0,100.0,100.0,7179,7167,7126,48.83,48.38,50.7
SA4_ST62,79.9,100.0,100.0,100.0,7046,7032,7001,42.13,41.74,57.34
SA4_ST73,79.83,100.0,100.0,100.0,7049,7032,6993,43.29,42.89,56.18
SA4_ST58,80.26,100.0,100.0,100.0,7083,7070,7027,42.46,42.07,57.01
SA4_ST43,82.03,100.0,100.0,100.0,7255,7243,7188,52.46,51.98,47.1
SA4_ST54,80.5,100.0,100.0,100.0,7099,7087,7052,44.26,43.85,55.23
SA4_ST52,80.79,100.0,100.0,100.0,7122,7107,7076,44.9,44.49,54.59
SA4_ST50,80.65,100.0,100.0,100.0,7106,7097,7066,45.63,45.21,53.87
SA4_ST61,79.99,100.0,100.0,100.0,7054,7039,7006,42.52,42.13,56.95
SA4_ST56,80.21,100.0,100.0,100.0,7083,7065,7026,43.19,42.79,56.28
SA4_ST63,79.99,100.0,100.0,100.0,7077,7059,7005,42.24,41.85,57.23
SA4_ST60,80.11,100.0,100.0,100.0,7059,7048,7017,42.82,42.42,56.66
SA4_ST66,80.13,100.0,100.0,100.0,7071,7053,7020,43.07,42.67,56.41
SA4_ST74,79.69,100.0,100.0,100.0,7035,7019,6981,42.85,42.46,56.62
SA4_ST51,80.63,100.0,100.0,100.0,7108,7097,7063,45.0,44.58,54.5
SA4_ST45,81.62,100.0,100.0,100.0,7202,7191,7150,50.07,49.61,49.46
SA4_ST48,80.47,100.0,100.0,100.0,7096,7079,7047,45.7,45.28,53.8
SA4_ST49,80.51,100.0,100.0,100.0,7092,7082,7052,45.58,45.16,53.92
SA4_ST57,80.1,100.0,100.0,100.0,7088,7067,7010,42.1,41.71,57.37
SA4_ST69,80.26,100.0,100.0,100.0,7103,7077,7028,44.03,43.62,55.45
SA4_ST44,81.81,100.0,100.0,100.0,7222,7212,7165,51.26,50.79,48.29
SA4_ST104,73.62,100.0,100.0,100.0,6499,6484,6450,28.37,28.11,70.97
SA4_ST102,73.94,100.0,100.0,100.0,6517,6508,6478,28.93,28.66,70.42
SA4_ST99,74.75,100.0,100.0,100.0,6587,6579,6549,30.79,30.5,68.57
SA4_ST87,77.31,100.0,100.0,100.0,6819,6808,6775,36.68,36.34,62.74
SA4_ST91,77.0,100.0,100.0,100.0,6797,6783,6746,36.62,36.29,62.79
SA4_ST97,75.37,100.0,100.0,100.0,6640,6632,6605,32.75,32.45,66.63
SA4_ST100,74.49,100.0,100.0,100.0,6563,6554,6527,30.21,29.93,69.15
SA4_ST103,73.71,100.0,100.0,100.0,6498,6486,6459,28.51,28.25,70.83
SA4_ST79,78.82,100.0,100.0,100.0,6946,6934,6905,40.71,40.33,58.74
SA4_ST96,75.67,100.0,100.0,100.0,6670,6660,6630,33.59,33.28,65.8
SA4_ST85,77.51,100.0,100.0,100.0,6830,6819,6790,36.93,36.58,62.49
SA4_ST78,79.02,100.0,100.0,100.0,6964,6954,6924,41.2,40.82,58.25
SA4_ST94,76.31,100.0,100.0,100.0,6743,6730,6690,35.27,34.94,64.13
SA4_ST105,73.53,100.0,100.0,100.0,6494,6482,6443,28.51,28.24,70.83
SA4_ST90,77.13,100.0,100.0,100.0,6806,6794,6756,36.69,36.35,62.73
SA4_ST75,79.54,100.0,100.0,100.0,7016,7003,6968,42.45,42.06,57.02
SA4_ST86,77.37,100.0,100.0,100.0,6826,6812,6776,36.68,36.35,62.73
SA4_ST84,77.71,100.0,100.0,100.0,6845,6835,6809,37.44,37.09,61.99
SA4_ST82,78.1,100.0,100.0,100.0,6881,6869,6842,38.6,38.25,60.83
SA4_ST93,76.62,100.0,100.0,100.0,6768,6753,6715,36.08,35.74,63.33
SA4_ST88,77.23,100.0,100.0,100.0,6814,6799,6765,36.46,36.13,62.95
SA4_ST95,75.97,100.0,100.0,100.0,6715,6698,6654,34.35,34.03,65.05
SA4_ST92,76.86,100.0,100.0,100.0,6784,6773,6736,36.39,36.05,63.03
SA4_ST98,75.08,100.0,100.0,100.0,6614,6607,6577,31.77,31.48,67.6
SA4_ST106,73.37,100.0,100.0,100.0,6483,6467,6428,28.45,28.19,70.89
SA4_ST83,77.88,100.0,100.0,100.0,6858,6849,6823,38.04,37.69,61.39
SA4_ST77,79.22,100.0,100.0,100.0,6983,6973,6942,41.66,41.27,57.8
SA4_ST80,78.59,100.0,100.0,100.0,6924,6913,6885,40.14,39.77,59.31
SA4_ST81,78.38,100.0,100.0,100.0,6907,6895,6869,39.42,39.05,60.02
SA4_ST89,77.15,100.0,100.0,100.0,6811,6796,6758,36.54,36.21,62.87
SA4_ST101,74.18,100.0,100.0,100.0,6537,6529,6500,29.51,29.23,69.84
SA4_ST76,79.4,100.0,100.0,100.0,7002,6990,6954,42.05,41.66,57.42
SA5_ST22,85.54,100.0,100.0,100.0,7517,7509,7494,65.29,64.69,34.39
SA5_ST20,85.58,100.0,100.0,100.0,7518,7512,7498,65.41,64.81,34.27
SA5_ST17,85.68,100.0,100.0,100.0,7546,7542,7504,65.36,64.75,34.32
SA5_ST5,84.35,100.0,100.0,100.0,7421,7413,7387,57.97,57.43,41.64
SA5_ST9,85.2,100.0,100.0,100.0,7519,7505,7458,61.9,61.32,37.75
SA5_ST15,85.2,100.0,100.0,100.0,7510,7492,7460,63.29,62.71,36.37
SA5_ST18,85.79,100.0,100.0,100.0,7534,7530,7516,65.83,65.22,33.86
SA5_ST21,85.56,100.0,100.0,100.0,7518,7510,7495,65.32,64.72,34.36
SA4_ST111,71.22,100.0,100.0,100.0,6280,6268,6240,23.07,22.85,76.22
SA5_ST14,85.27,100.0,100.0,100.0,7512,7502,7471,63.52,62.94,36.14
SA5_ST3,83.34,100.0,100.0,100.0,7356,7343,7298,53.87,53.38,45.7
SA4_ST110,71.63,100.0,100.0,100.0,6342,6325,6272,24.34,24.12,74.96
SA5_ST12,85.43,100.0,100.0,100.0,7530,7521,7491,63.23,62.64,36.44
SA5_ST23,85.44,100.0,100.0,100.0,7555,7538,7480,65.0,64.4,34.68
SA5_ST8,84.86,100.0,100.0,100.0,7479,7465,7433,60.46,59.9,39.18
SA4_ST107,73.11,100.0,100.0,100.0,6458,6445,6408,27.99,27.73,71.34
SA5_ST4,84.1,100.0,100.0,100.0,7402,7395,7369,56.76,56.24,42.84
SA5_ST2,82.79,100.0,100.0,100.0,7295,7285,7248,51.93,51.45,47.62
SA4_ST114,70.01,100.0,100.0,100.0,6179,6170,6134,19.58,19.4,79.68
SA5_ST11,85.32,100.0,100.0,100.0,7492,7486,7473,62.59,62.01,37.06
SA5_ST6,84.54,100.0,100.0,100.0,7439,7429,7405,59.04,58.5,40.58
SA5_ST13,85.42,100.0,100.0,100.0,7524,7512,7483,63.76,63.17,35.91
SA5_ST10,85.36,100.0,100.0,100.0,7495,7490,7477,62.71,62.13,36.95
SA5_ST16,85.31,100.0,100.0,100.0,7507,7501,7473,64.01,63.42,35.66
SA5_ST24,85.59,100.0,100.0,100.0,7537,7527,7500,65.34,64.74,34.34
SA5_ST1,82.57,100.0,100.0,100.0,7263,7256,7233,51.07,50.6,48.48
SA4_ST109,72.28,100.0,100.0,100.0,6388,6376,6334,25.73,25.49,73.59
SA4_ST112,70.93,100.0,100.0,100.0,6251,6243,6215,21.92,21.72,77.36
SA4_ST113,70.56,100.0,100.0,100.0,6217,6209,6182,20.97,20.77,78.3
SA5_ST7,84.72,100.0,100.0,100.0,7459,7448,7421,59.9,59.35,39.73
SA5_ST19,85.68,100.0,100.0,100.0,7527,7521,7507,65.58,64.98,34.1
SA4_ST108,72.78,100.0,100.0,100.0,6425,6411,6376,27.09,26.84,72.23
SA5_ST54,79.99,100.0,100.0,100.0,7060,7047,7008,42.47,42.08,57.0
SA5_ST52,80.35,100.0,100.0,100.0,7078,7067,7038,43.38,42.98,56.1
SA5_ST49,79.99,100.0,100.0,100.0,7050,7039,7004,43.66,43.26,55.82
SA5_ST37,82.81,100.0,100.0,100.0,7300,7287,7253,55.62,55.11,43.97
SA5_ST41,81.85,100.0,100.0,100.0,7224,7208,7169,52.05,51.57,47.51
SA5_ST47,80.38,100.0,100.0,100.0,7110,7097,7047,45.65,45.23,53.85
SA5_ST50,80.19,100.0,100.0,100.0,7067,7056,7026,44.0,43.59,55.49
SA5_ST53,80.14,100.0,100.0,100.0,7076,7059,7018,42.74,42.34,56.73
SA5_ST29,85.31,100.0,100.0,100.0,7514,7502,7473,64.34,63.75,35.33
SA5_ST46,80.83,100.0,100.0,100.0,7139,7126,7082,47.08,46.64,52.43
SA5_ST35,83.35,100.0,100.0,100.0,7342,7331,7302,57.31,56.78,42.29
SA5_ST28,85.4,100.0,100.0,100.0,7520,7508,7482,64.43,63.84,35.24
SA5_ST44,81.27,100.0,100.0,100.0,7177,7164,7118,49.43,48.98,50.1
SA5_ST55,79.89,100.0,100.0,100.0,7048,7036,6997,42.15,41.76,57.32
SA5_ST40,82.15,100.0,100.0,100.0,7252,7234,7197,53.12,52.63,46.45
SA5_ST25,85.55,100.0,100.0,100.0,7531,7520,7495,65.12,64.52,34.56
SA5_ST36,83.04,100.0,100.0,100.0,7315,7302,7274,56.46,55.93,43.14
SA5_ST34,83.72,100.0,100.0,100.0,7372,7363,7334,58.46,57.92,41.16
SA5_ST32,84.37,100.0,100.0,100.0,7438,7420,7391,60.8,60.24,38.84
SA5_ST43,81.51,100.0,100.0,100.0,7209,7198,7143,50.64,50.17,48.91
SA5_ST38,82.62,100.0,100.0,100.0,7282,7269,7237,54.7,54.19,44.88
SA5_ST45,81.09,100.0,100.0,100.0,7160,7148,7104,48.26,47.81,51.26
SA5_ST42,81.64,100.0,100.0,100.0,7225,7206,7149,51.32,50.84,48.23
SA5_ST48,80.02,100.0,100.0,100.0,7048,7039,7012,44.12,43.71,55.37
SA5_ST56,79.71,100.0,100.0,100.0,7037,7024,6985,41.48,41.09,57.98
SA5_ST33,84.02,100.0,100.0,100.0,7400,7388,7359,59.58,59.03,40.04
SA5_ST27,85.48,100.0,100.0,100.0,7524,7514,7487,64.68,64.09,34.99
SA5_ST30,85.11,100.0,100.0,100.0,7507,7495,7462,63.72,63.13,35.95
SA5_ST31,84.67,100.0,100.0,100.0,7481,7462,7414,61.98,61.41,37.66
SA5_ST39,82.41,100.0,100.0,100.0,7276,7262,7216,53.91,53.42,45.66
SA5_ST51,80.19,100.0,100.0,100.0,7076,7063,7025,43.49,43.09,55.99
SA5_ST26,85.53,100.0,100.0,100.0,7529,7518,7493,64.9,64.3,34.78
SA5_ST86,76.6,100.0,100.0,100.0,6749,6742,6710,33.97,33.66,65.42
SA5_ST84,77.04,100.0,100.0,100.0,6786,6780,6749,35.11,34.78,64.29
SA5_ST81,77.69,100.0,100.0,100.0,6846,6837,6805,36.93,36.59,62.49
SA5_ST69,79.24,100.0,100.0,100.0,6999,6980,6942,40.53,40.16,58.92
SA5_ST73,78.93,100.0,100.0,100.0,6971,6955,6915,40.39,40.01,59.06
SA5_ST79,78.08,100.0,100.0,100.0,6881,6873,6841,38.3,37.94,61.13
SA5_ST82,77.44,100.0,100.0,100.0,6821,6812,6784,36.35,36.01,63.07
SA5_ST85,76.79,100.0,100.0,100.0,6767,6758,6729,34.49,34.17,64.91
SA5_ST61,79.36,100.0,100.0,100.0,6996,6986,6953,40.39,40.01,59.06
SA5_ST78,78.23,100.0,100.0,100.0,6898,6891,6856,38.62,38.26,60.82
SA5_ST67,79.23,100.0,100.0,100.0,6991,6977,6940,40.11,39.74,59.34
SA5_ST60,79.49,100.0,100.0,100.0,7007,6998,6964,40.66,40.29,58.79
SA5_ST76,78.55,100.0,100.0,100.0,6931,6922,6881,39.15,38.79,60.29
SA5_ST87,76.45,100.0,100.0,100.0,6745,6734,6696,33.68,33.37,65.71
SA5_ST72,79.15,100.0,100.0,100.0,6987,6975,6934,40.75,40.37,58.71
SA5_ST57,79.57,100.0,100.0,100.0,7041,7022,6966,40.32,39.95,59.13
SA5_ST68,79.2,100.0,100.0,100.0,6998,6985,6935,40.14,39.77,59.31
SA5_ST66,79.28,100.0,100.0,100.0,6995,6982,6942,40.14,39.77,59.31
SA5_ST64,79.55,100.0,100.0,100.0,7021,7008,6978,40.76,40.38,58.7
SA5_ST75,78.68,100.0,100.0,100.0,6943,6932,6893,39.52,39.15,59.93
SA5_ST70,79.22,100.0,100.0,100.0,6999,6983,6941,40.68,40.3,58.77
SA5_ST77,78.41,100.0,100.0,100.0,6915,6907,6871,38.9,38.54,60.54
SA5_ST74,78.82,100.0,100.0,100.0,6959,6944,6903,39.91,39.55,59.53
SA5_ST80,77.89,100.0,100.0,100.0,6864,6855,6823,37.7,37.35,61.73
SA5_ST88,76.36,100.0,100.0,100.0,6734,6725,6691,33.56,33.25,65.82
SA5_ST65,79.44,100.0,100.0,100.0,7003,6991,6960,40.54,40.17,58.91
SA5_ST59,79.54,100.0,100.0,100.0,7015,7004,6970,40.38,40.0,59.07
SA5_ST62,79.25,100.0,100.0,100.0,6986,6974,6945,39.86,39.49,59.58
SA5_ST63,79.25,100.0,100.0,100.0,7005,6984,6940,39.66,39.29,59.78
SA5_ST71,79.26,100.0,100.0,100.0,7000,6986,6943,40.92,40.55,58.53
SA5_ST83,77.23,100.0,100.0,100.0,6803,6796,6766,35.77,35.44,63.64
SA5_ST58,79.68,100.0,100.0,100.0,7028,7015,6980,40.5,40.13,58.95
SA6_ST4,83.72,100.0,100.0,100.0,7371,7362,7335,55.45,54.94,44.14
SA6_ST2,82.47,100.0,100.0,100.0,7263,7250,7222,50.85,50.38,48.69
SA5_ST113,69.96,100.0,100.0,100.0,6180,6171,6120,18.97,18.8,80.28
SA5_ST101,73.39,100.0,100.0,100.0,6479,6472,6421,26.9,26.65,72.43
SA5_ST105,72.52,100.0,100.0,100.0,6419,6405,6343,25.15,24.92,74.16
SA5_ST111,70.62,100.0,100.0,100.0,6234,6226,6179,21.11,20.91,78.17
SA5_ST114,69.48,100.0,100.0,100.0,6144,6133,6077,17.91,17.75,81.33
SA6_ST3,82.96,100.0,100.0,100.0,7326,7309,7266,52.55,52.07,47.01
SA5_ST93,75.52,100.0,100.0,100.0,6689,6670,6607,32.51,32.21,66.87
SA5_ST110,71.0,100.0,100.0,100.0,6281,6270,6209,22.31,22.11,76.97
SA5_ST99,74.02,100.0,100.0,100.0,6534,6525,6475,28.42,28.16,70.92
SA5_ST92,75.83,100.0,100.0,100.0,6705,6694,6643,33.02,32.72,66.36
SA5_ST108,71.88,100.0,100.0,100.0,6363,6344,6287,24.4,24.17,74.9
SA6_ST5,83.96,100.0,100.0,100.0,7388,7379,7353,56.57,56.05,43.03
SA5_ST104,72.69,100.0,100.0,100.0,6426,6415,6356,25.24,25.01,74.07
SA5_ST89,76.22,100.0,100.0,100.0,6732,6717,6675,33.54,33.24,65.84
SA5_ST100,73.74,100.0,100.0,100.0,6509,6500,6451,27.76,27.5,71.58
SA5_ST98,74.34,100.0,100.0,100.0,6561,6554,6503,29.4,29.13,69.94
SA5_ST96,74.81,100.0,100.0,100.0,6611,6597,6543,30.75,30.47,68.61
SA5_ST107,72.11,100.0,100.0,100.0,6392,6376,6309,24.91,24.68,74.4
SA5_ST102,73.14,100.0,100.0,100.0,6457,6448,6397,26.31,26.07,73.01
SA5_ST109,71.53,100.0,100.0,100.0,6318,6308,6257,23.44,23.22,75.86
SA5_ST106,72.37,100.0,100.0,100.0,6409,6393,6332,25.23,25.0,74.08
SA5_ST112,70.33,100.0,100.0,100.0,6211,6202,6153,19.97,19.78,79.3
SA6_ST6,84.12,100.0,100.0,100.0,7405,7396,7369,57.61,57.07,42.0
SA5_ST97,74.6,100.0,100.0,100.0,6587,6578,6527,30.28,30.0,69.08
SA5_ST91,76.03,100.0,100.0,100.0,6719,6705,6660,33.37,33.07,66.01
SA5_ST94,75.27,100.0,100.0,100.0,6659,6641,6591,31.92,31.63,67.45
SA5_ST95,75.04,100.0,100.0,100.0,6635,6623,6562,31.29,31.0,68.08
SA5_ST103,72.87,100.0,100.0,100.0,6432,6424,6375,25.75,25.52,73.56
SA6_ST1,82.26,100.0,100.0,100.0,7236,7226,7206,50.09,49.63,49.45
SA5_ST90,76.18,100.0,100.0,100.0,6728,6716,6674,33.64,33.33,65.75
SA6_ST36,82.59,100.0,100.0,100.0,7271,7264,7234,54.86,54.35,44.72
SA6_ST34,83.27,100.0,100.0,100.0,7332,7324,7294,56.85,56.33,42.75
SA6_ST31,84.2,100.0,100.0,100.0,7424,7413,7376,60.36,59.8,39.27
SA6_ST19,85.33,100.0,100.0,100.0,7495,7489,7474,64.26,63.67,35.41
SA6_ST23,84.96,100.0,100.0,100.0,7513,7495,7436,63.43,62.85,36.23
SA6_ST29,84.65,100.0,100.0,100.0,7461,7446,7412,62.33,61.75,37.32
SA6_ST32,83.91,100.0,100.0,100.0,7390,7381,7351,59.2,58.65,40.43
SA6_ST35,82.9,100.0,100.0,100.0,7302,7292,7262,55.72,55.2,43.87
SA6_ST11,84.93,100.0,100.0,100.0,7461,7455,7440,61.19,60.62,38.46
SA6_ST28,84.75,100.0,100.0,100.0,7470,7457,7424,62.45,61.87,37.2
SA6_ST17,85.36,100.0,100.0,100.0,7519,7514,7474,64.12,63.53,35.55
SA6_ST10,85.01,100.0,100.0,100.0,7465,7459,7446,61.44,60.87,38.2
SA6_ST26,84.98,100.0,100.0,100.0,7484,7473,7444,63.09,62.51,36.57
SA6_ST37,82.31,100.0,100.0,100.0,7252,7241,7208,53.86,53.36,45.72
SA6_ST22,85.09,100.0,100.0,100.0,7477,7469,7454,63.77,63.18,35.9
SA6_ST7,84.23,100.0,100.0,100.0,7422,7410,7378,58.21,57.67,41.4
SA6_ST18,85.47,100.0,100.0,100.0,7507,7502,7486,64.56,63.97,35.11
SA6_ST16,84.99,100.0,100.0,100.0,7480,7473,7444,62.74,62.16,36.92
SA6_ST14,84.86,100.0,100.0,100.0,7464,7454,7433,61.95,61.38,37.7
SA6_ST25,85.03,100.0,100.0,100.0,7487,7476,7448,63.37,62.78,36.29
SA6_ST20,85.19,100.0,100.0,100.0,7484,7477,7462,63.96,63.37,35.71
SA6_ST27,84.88,100.0,100.0,100.0,7478,7465,7436,62.8,62.22,36.85
SA6_ST24,85.08,100.0,100.0,100.0,7494,7482,7452,63.65,63.06,36.01
SA6_ST30,84.54,100.0,100.0,100.0,7442,7435,7411,61.88,61.3,37.77
SA6_ST38,82.1,100.0,100.0,100.0,7237,7227,7190,52.92,52.43,46.65
SA6_ST15,84.89,100.0,100.0,100.0,7465,7456,7435,62.05,61.47,37.6
SA6_ST9,84.84,100.0,100.0,100.0,7474,7469,7427,60.73,60.17,38.91
SA6_ST12,84.97,100.0,100.0,100.0,7495,7485,7452,61.61,61.04,38.04
SA6_ST13,84.9,100.0,100.0,100.0,7486,7472,7433,61.9,61.32,37.75
SA6_ST21,85.15,100.0,100.0,100.0,7482,7475,7458,63.84,63.25,35.83
SA6_ST33,83.56,100.0,100.0,100.0,7359,7349,7319,57.97,57.44,41.64
SA6_ST8,84.39,100.0,100.0,100.0,7437,7416,7389,58.83,58.28,40.79
SA6_ST68,78.32,100.0,100.0,100.0,6910,6898,6862,37.2,36.85,62.22
SA6_ST66,78.48,100.0,100.0,100.0,6920,6907,6876,37.55,37.2,61.88
SA6_ST63,78.59,100.0,100.0,100.0,6936,6921,6884,37.42,37.08,62.0
SA6_ST51,79.74,100.0,100.0,100.0,7037,7025,6985,41.91,41.52,57.55
SA6_ST55,79.33,100.0,100.0,100.0,7005,6995,6947,40.19,39.82,59.26
SA6_ST61,78.73,100.0,100.0,100.0,6942,6931,6898,38.18,37.82,61.25
SA6_ST64,78.78,100.0,100.0,100.0,6958,6945,6909,38.23,37.87,61.2
SA6_ST67,78.38,100.0,100.0,100.0,6918,6902,6866,37.26,36.92,62.16
SA6_ST43,80.97,100.0,100.0,100.0,7163,7152,7093,48.89,48.43,50.64
SA6_ST60,78.84,100.0,100.0,100.0,6952,6943,6908,38.36,38.01,61.07
SA6_ST49,79.47,100.0,100.0,100.0,7006,6989,6959,41.82,41.43,57.65
SA6_ST42,81.09,100.0,100.0,100.0,7179,7159,7100,49.58,49.12,49.96
SA6_ST58,79.16,100.0,100.0,100.0,6976,6971,6933,38.65,38.29,60.79
SA6_ST69,78.27,100.0,100.0,100.0,6912,6900,6858,37.16,36.82,62.26
SA6_ST54,79.41,100.0,100.0,100.0,7014,6998,6954,40.51,40.13,58.94
SA6_ST39,81.88,100.0,100.0,100.0,7215,7208,7172,52.19,51.71,47.37
SA6_ST50,79.68,100.0,100.0,100.0,7023,7015,6981,42.14,41.75,57.32
SA6_ST48,79.53,100.0,100.0,100.0,7009,6999,6966,42.43,42.04,57.04
SA6_ST46,80.3,100.0,100.0,100.0,7093,7080,7034,45.31,44.89,54.18
SA6_ST57,79.06,100.0,100.0,100.0,6996,6979,6920,38.51,38.16,60.92
SA6_ST52,79.9,100.0,100.0,100.0,7041,7032,6999,41.82,41.43,57.64
SA6_ST59,78.92,100.0,100.0,100.0,6958,6949,6912,38.23,37.87,61.2
SA6_ST56,79.2,100.0,100.0,100.0,6992,6982,6939,39.61,39.24,59.84
SA6_ST62,78.62,100.0,100.0,100.0,6932,6923,6887,37.6,37.25,61.82
SA6_ST70,78.24,100.0,100.0,100.0,6911,6893,6854,37.17,36.82,62.25
SA6_ST47,79.86,100.0,100.0,100.0,7066,7053,7000,43.9,43.5,55.58
SA6_ST41,81.27,100.0,100.0,100.0,7173,7162,7117,50.26,49.79,49.28
SA6_ST44,80.75,100.0,100.0,100.0,7129,7119,7072,47.7,47.26,51.82
SA6_ST45,80.56,100.0,100.0,100.0,7112,7101,7056,46.51,46.08,53.0
SA6_ST53,79.67,100.0,100.0,100.0,7025,7017,6979,41.11,40.73,58.35
SA6_ST65,78.68,100.0,100.0,100.0,6936,6925,6893,38.03,37.67,61.4
SA6_ST40,81.55,100.0,100.0,100.0,7201,7180,7142,51.26,50.79,48.29
SA1_ST94,78.42,100.0,100.0,100.0,6908,6898,6869,42.42,42.03,57.05
SA1_ST92,79.13,100.0,100.0,100.0,6968,6960,6932,44.0,43.59,55.48
SA1_ST89,79.61,100.0,100.0,100.0,7020,7008,6973,45.25,44.83,54.25
SA1_ST77,81.45,100.0,100.0,100.0,7175,7167,7142,49.1,48.65,50.43
SA1_ST81,80.39,100.0,100.0,100.0,7078,7071,7041,46.61,46.18,52.9
SA1_ST87,79.77,100.0,100.0,100.0,7033,7024,6988,45.54,45.12,53.96
SA1_ST90,79.54,100.0,100.0,100.0,7008,7001,6968,45.1,44.69,54.39
SA1_ST93,78.77,100.0,100.0,100.0,6938,6928,6898,43.22,42.82,56.26
SA1_ST69,83.02,100.0,100.0,100.0,7304,7298,7271,52.95,52.46,46.62
SA1_ST86,79.8,100.0,100.0,100.0,7034,7022,6989,45.48,45.06,54.02
SA1_ST75,81.9,100.0,100.0,100.0,7206,7199,7174,50.23,49.76,49.31
SA1_ST68,83.11,100.0,100.0,100.0,7316,7309,7278,53.03,52.54,46.53
SA1_ST84,79.97,100.0,100.0,100.0,7049,7038,7004,45.64,45.22,53.86
SA1_ST95,78.04,100.0,100.0,100.0,6874,6866,6835,41.6,41.21,57.86
SA1_ST80,80.55,100.0,100.0,100.0,7092,7084,7056,47.01,46.57,52.5
SA1_ST65,82.96,100.0,100.0,100.0,7305,7296,7269,51.96,51.49,47.59
SA1_ST76,81.71,100.0,100.0,100.0,7188,7180,7157,49.7,49.24,49.84
SA1_ST74,82.14,100.0,100.0,100.0,7229,7221,7196,50.86,50.39,48.69
SA1_ST72,82.6,100.0,100.0,100.0,7274,7264,7233,51.94,51.46,47.62
SA1_ST83,79.98,100.0,100.0,100.0,7049,7034,7005,45.68,45.26,53.82
SA1_ST78,81.04,100.0,100.0,100.0,7142,7133,7101,48.15,47.71,51.37
SA1_ST85,79.89,100.0,100.0,100.0,7040,7030,6996,45.6,45.18,53.9
SA1_ST82,80.15,100.0,100.0,100.0,7058,7049,7020,46.08,45.65,53.42
SA1_ST88,79.74,100.0,100.0,100.0,7028,7019,6983,45.44,45.02,54.06
SA1_ST96,77.62,100.0,100.0,100.0,6841,6829,6797,40.5,40.12,58.95
SA1_ST73,82.34,100.0,100.0,100.0,7249,7239,7213,51.38,50.91,48.17
SA1_ST67,83.06,100.0,100.0,100.0,7321,7310,7275,52.69,52.21,46.87
SA1_ST70,82.93,100.0,100.0,100.0,7294,7288,7263,52.83,52.34,46.74
SA1_ST71,82.78,100.0,100.0,100.0,7303,7296,7246,52.36,51.88,47.2
SA1_ST79,80.78,100.0,100.0,100.0,7115,7107,7076,47.56,47.12,51.95
SA1_ST91,79.36,100.0,100.0,100.0,6989,6983,6952,44.72,44.31,54.77
SA1_ST66,82.9,100.0,100.0,100.0,7312,7296,7261,51.83,51.35,47.73
SA6_ST100,73.22,100.0,100.0,100.0,6448,6439,6416,26.08,25.84,73.23
SA6_ST98,73.77,100.0,100.0,100.0,6500,6490,6462,27.49,27.24,71.84
SA6_ST95,74.27,100.0,100.0,100.0,6550,6540,6507,28.65,28.38,70.69
SA6_ST83,76.52,100.0,100.0,100.0,6745,6734,6704,33.47,33.16,65.92
SA6_ST87,75.63,100.0,100.0,100.0,6670,6659,6626,31.11,30.83,68.25
SA6_ST93,74.6,100.0,100.0,100.0,6588,6574,6538,29.35,29.08,70.0
SA6_ST96,74.11,100.0,100.0,100.0,6533,6523,6493,28.39,28.13,70.95
SA6_ST99,73.48,100.0,100.0,100.0,6473,6465,6438,26.62,26.37,72.71
SA6_ST75,77.75,100.0,100.0,100.0,6865,6853,6814,36.42,36.08,63.0
SA6_ST92,74.82,100.0,100.0,100.0,6618,6591,6557,29.59,29.32,69.76
SA6_ST81,76.95,100.0,100.0,100.0,6783,6772,6741,34.5,34.18,64.9
SA6_ST74,77.88,100.0,100.0,100.0,6877,6862,6822,36.64,36.3,62.77
SA6_ST90,75.21,100.0,100.0,100.0,6649,6633,6591,30.27,29.99,69.08
SA6_ST101,72.86,100.0,100.0,100.0,6415,6409,6384,25.15,24.91,74.16
SA6_ST86,75.85,100.0,100.0,100.0,6686,6676,6644,31.54,31.25,67.82
SA6_ST71,78.24,100.0,100.0,100.0,6915,6897,6854,37.29,36.95,62.13
SA6_ST82,76.72,100.0,100.0,100.0,6761,6751,6720,33.97,33.66,65.42
SA6_ST80,77.07,100.0,100.0,100.0,6796,6786,6753,34.9,34.58,64.5
SA6_ST78,77.33,100.0,100.0,100.0,6828,6816,6779,35.76,35.43,63.65
SA6_ST89,75.31,100.0,100.0,100.0,6655,6636,6598,30.47,30.19,68.88
SA6_ST84,76.35,100.0,100.0,100.0,6731,6720,6690,32.9,32.6,66.48
SA6_ST91,74.99,100.0,100.0,100.0,6637,6619,6569,29.87,29.6,69.48
SA6_ST88,75.46,100.0,100.0,100.0,6663,6651,6611,30.79,30.51,68.57
SA6_ST94,74.38,100.0,100.0,100.0,6572,6556,6516,28.77,28.51,70.57
SA6_ST102,72.56,100.0,100.0,100.0,6390,6382,6357,24.36,24.13,74.94
SA6_ST79,77.21,100.0,100.0,100.0,6814,6803,6766,35.37,35.04,64.04
SA6_ST73,78.0,100.0,100.0,100.0,6890,6874,6837,37.11,36.77,62.31
SA6_ST76,77.64,100.0,100.0,100.0,6855,6843,6801,36.16,35.83,63.25
SA6_ST77,77.49,100.0,100.0,100.0,6840,6830,6792,35.95,35.62,63.46
SA6_ST85,76.11,100.0,100.0,100.0,6709,6698,6668,32.18,31.88,67.2
SA6_ST97,73.94,100.0,100.0,100.0,6514,6506,6480,28.06,27.8,71.28
SA6_ST72,78.2,100.0,100.0,100.0,6906,6892,6853,37.51,37.17,61.91
SA7_ST18,84.92,100.0,100.0,100.0,7476,7473,7436,62.49,61.92,37.16
SA7_ST16,84.45,100.0,100.0,100.0,7450,7445,7393,60.7,60.14,38.94
SA7_ST13,84.37,100.0,100.0,100.0,7439,7434,7388,59.83,59.28,39.8
SA7_ST1,81.63,100.0,100.0,100.0,7208,7202,7151,48.11,47.67,51.41
SA7_ST5,83.29,100.0,100.0,100.0,7352,7344,7296,54.29,53.78,45.29
SA7_ST11,84.24,100.0,100.0,100.0,7424,7418,7372,58.7,58.16,40.92
SA7_ST14,84.37,100.0,100.0,100.0,7434,7431,7389,60.05,59.49,39.59
SA7_ST17,84.81,100.0,100.0,100.0,7488,7485,7423,62.04,61.47,37.61
SA6_ST107,71.44,100.0,100.0,100.0,6301,6289,6258,22.7,22.49,76.59
SA7_ST10,84.37,100.0,100.0,100.0,7432,7427,7390,59.17,58.62,40.46
SA6_ST113,69.6,100.0,100.0,100.0,6132,6124,6097,17.72,17.55,81.53
SA6_ST106,71.51,100.0,100.0,100.0,6321,6296,6262,22.52,22.31,76.77
SA7_ST8,83.81,100.0,100.0,100.0,7394,7387,7339,56.83,56.3,42.77
SA7_ST19,84.79,100.0,100.0,100.0,7465,7461,7425,62.19,61.62,37.46
SA7_ST4,83.06,100.0,100.0,100.0,7336,7327,7279,53.14,52.65,46.43
SA6_ST103,72.25,100.0,100.0,100.0,6365,6356,6330,23.69,23.47,75.6
SA6_ST114,69.13,100.0,100.0,100.0,6098,6091,6056,16.74,16.58,82.5
SA6_ST112,69.98,100.0,100.0,100.0,6162,6155,6131,18.73,18.56,80.52
SA6_ST110,70.63,100.0,100.0,100.0,6230,6222,6186,21.01,20.81,78.26
SA7_ST7,83.57,100.0,100.0,100.0,7375,7363,7320,55.91,55.4,43.68
SA7_ST2,81.86,100.0,100.0,100.0,7231,7221,7177,48.9,48.45,50.62
SA7_ST9,84.25,100.0,100.0,100.0,7441,7438,7375,58.55,58.01,41.06
SA7_ST6,83.39,100.0,100.0,100.0,7367,7357,7299,55.04,54.54,44.54
SA7_ST12,84.3,100.0,100.0,100.0,7451,7435,7389,59.13,58.59,40.49
SA7_ST20,84.64,100.0,100.0,100.0,7453,7449,7413,61.91,61.34,37.74
SA6_ST111,70.27,100.0,100.0,100.0,6185,6179,6156,19.86,19.68,79.4
SA6_ST105,71.7,100.0,100.0,100.0,6331,6319,6278,22.61,22.4,76.68
SA6_ST108,71.34,100.0,100.0,100.0,6286,6279,6250,22.54,22.33,76.74
SA6_ST109,71.13,100.0,100.0,100.0,6265,6256,6231,22.08,21.88,77.2
SA7_ST3,82.3,100.0,100.0,100.0,7290,7277,7210,50.34,49.88,49.2
SA7_ST15,84.39,100.0,100.0,100.0,7435,7432,7390,60.17,59.61,39.46
SA6_ST104,71.97,100.0,100.0,100.0,6350,6339,6306,23.01,22.8,76.28
SA7_ST50,79.08,100.0,100.0,100.0,6976,6965,6926,40.09,39.72,59.35
SA7_ST48,78.99,100.0,100.0,100.0,6964,6952,6919,40.68,40.3,58.78
SA7_ST45,80.03,100.0,100.0,100.0,7067,7054,7011,44.84,44.42,54.66
SA7_ST33,83.1,100.0,100.0,100.0,7319,7309,7280,56.37,55.85,43.23
SA7_ST37,81.86,100.0,100.0,100.0,7207,7199,7171,52.27,51.79,47.29
SA7_ST43,80.39,100.0,100.0,100.0,7114,7101,7046,47.15,46.72,52.36
SA7_ST46,79.77,100.0,100.0,100.0,7047,7033,6989,43.61,43.21,55.87
SA7_ST49,78.94,100.0,100.0,100.0,6953,6944,6915,40.09,39.72,59.36
SA7_ST25,84.23,100.0,100.0,100.0,7441,7429,7379,60.73,60.17,38.91
SA7_ST42,80.5,100.0,100.0,100.0,7128,7108,7047,47.87,47.43,51.65
SA7_ST31,83.75,100.0,100.0,100.0,7386,7371,7336,58.72,58.18,40.9
SA7_ST24,84.34,100.0,100.0,100.0,7448,7438,7387,61.1,60.54,38.54
SA7_ST40,81.07,100.0,100.0,100.0,7146,7134,7102,49.65,49.19,49.89
SA7_ST51,79.22,100.0,100.0,100.0,6994,6981,6938,40.18,39.81,59.27
SA7_ST36,82.14,100.0,100.0,100.0,7232,7225,7197,53.28,52.79,46.29
SA7_ST21,84.56,100.0,100.0,100.0,7447,7440,7405,61.77,61.2,37.88
SA7_ST32,83.45,100.0,100.0,100.0,7350,7341,7312,57.59,57.06,42.02
SA7_ST30,83.94,100.0,100.0,100.0,7404,7397,7351,59.66,59.11,39.96
SA7_ST28,83.99,100.0,100.0,100.0,7405,7398,7357,59.88,59.33,39.75
SA7_ST39,81.37,100.0,100.0,100.0,7171,7163,7129,50.39,49.93,49.15
SA7_ST34,82.81,100.0,100.0,100.0,7291,7284,7255,55.25,54.74,44.33
SA7_ST41,80.71,100.0,100.0,100.0,7121,7103,7070,48.61,48.16,50.91
SA7_ST38,81.58,100.0,100.0,100.0,7191,7179,7145,51.16,50.69,48.39
SA7_ST44,80.19,100.0,100.0,100.0,7083,7071,7025,45.99,45.57,53.51
SA7_ST52,79.41,100.0,100.0,100.0,7001,6990,6957,40.13,39.76,59.31
SA7_ST29,83.98,100.0,100.0,100.0,7406,7398,7355,59.94,59.39,39.69
SA7_ST23,84.28,100.0,100.0,100.0,7468,7455,7376,61.07,60.51,38.57
SA7_ST26,84.11,100.0,100.0,100.0,7434,7421,7367,60.31,59.75,39.33
SA7_ST27,84.02,100.0,100.0,100.0,7423,7406,7357,60.03,59.47,39.61
SA7_ST35,82.45,100.0,100.0,100.0,7262,7253,7224,54.13,53.63,45.45
SA7_ST47,79.32,100.0,100.0,100.0,7020,7006,6954,42.16,41.77,57.31
SA7_ST22,84.46,100.0,100.0,100.0,7441,7433,7397,61.61,61.04,38.04
SA7_ST82,75.88,100.0,100.0,100.0,6693,6683,6647,30.91,30.62,68.45
SA7_ST80,76.08,100.0,100.0,100.0,6720,6708,6662,31.28,30.99,68.09
SA7_ST77,76.49,100.0,100.0,100.0,6756,6747,6700,32.43,32.13,66.95
SA7_ST65,77.93,100.0,100.0,100.0,6871,6862,6826,35.51,35.19,63.89
SA7_ST69,77.33,100.0,100.0,100.0,6829,6813,6773,34.09,33.78,65.3
SA7_ST75,76.75,100.0,100.0,100.0,6781,6765,6723,32.78,32.48,66.6
SA7_ST78,76.32,100.0,100.0,100.0,6743,6732,6686,31.99,31.69,67.38
SA7_ST81,76.04,100.0,100.0,100.0,6712,6700,6661,31.13,30.84,68.24
SA7_ST57,78.49,100.0,100.0,100.0,6951,6933,6871,36.59,36.25,62.83
SA7_ST74,76.9,100.0,100.0,100.0,6793,6780,6735,33.17,32.86,66.21
SA7_ST63,77.92,100.0,100.0,100.0,6874,6864,6825,35.06,34.74,64.34
SA7_ST56,78.58,100.0,100.0,100.0,6945,6931,6885,37.5,37.16,61.92
SA7_ST72,77.14,100.0,100.0,100.0,6820,6805,6758,33.76,33.45,65.63
SA7_ST83,75.72,100.0,100.0,100.0,6679,6667,6632,30.48,30.2,68.88
SA7_ST68,77.44,100.0,100.0,100.0,6834,6822,6782,34.25,33.94,65.14
SA7_ST53,79.19,100.0,100.0,100.0,6984,6975,6936,39.43,39.07,60.01
SA7_ST64,78.02,100.0,100.0,100.0,6891,6877,6838,35.7,35.37,63.7
SA7_ST62,77.97,100.0,100.0,100.0,6876,6865,6830,35.25,34.92,64.15
SA7_ST60,78.18,100.0,100.0,100.0,6900,6886,6848,35.94,35.61,63.47
SA7_ST71,77.19,100.0,100.0,100.0,6823,6804,6763,33.85,33.54,65.54
SA7_ST66,77.72,100.0,100.0,100.0,6850,6840,6808,34.96,34.64,64.44
SA7_ST73,77.02,100.0,100.0,100.0,6808,6792,6746,33.57,33.26,65.82
SA7_ST70,77.24,100.0,100.0,100.0,6822,6807,6762,33.92,33.61,65.47
SA7_ST76,76.63,100.0,100.0,100.0,6772,6758,6711,32.58,32.28,66.8
SA7_ST84,75.55,100.0,100.0,100.0,6664,6654,6618,29.87,29.6,69.48
SA7_ST61,78.09,100.0,100.0,100.0,6887,6877,6841,35.79,35.46,63.62
SA7_ST55,78.7,100.0,100.0,100.0,6951,6936,6889,38.02,37.67,61.41
SA7_ST58,78.61,100.0,100.0,100.0,6931,6924,6887,36.75,36.41,62.67
SA7_ST59,78.35,100.0,100.0,100.0,6903,6894,6865,36.22,35.89,63.19
SA7_ST67,77.56,100.0,100.0,100.0,6840,6825,6793,34.53,34.21,64.87
SA7_ST79,76.18,100.0,100.0,100.0,6732,6718,6672,31.55,31.26,67.82
SA7_ST54,78.89,100.0,100.0,100.0,6958,6945,6911,38.73,38.38,60.7
SA7_ST114,68.83,100.0,100.0,100.0,6075,6067,6031,15.36,15.22,83.86
SA7_ST112,69.67,100.0,100.0,100.0,6138,6130,6104,17.35,17.19,81.89
SA7_ST109,70.67,100.0,100.0,100.0,6230,6223,6190,20.11,19.92,79.16
SA7_ST97,73.27,100.0,100.0,100.0,6457,6451,6420,25.39,25.15,73.92
SA7_ST101,72.32,100.0,100.0,100.0,6377,6370,6338,23.05,22.84,76.24
SA7_ST107,70.88,100.0,100.0,100.0,6253,6243,6207,20.28,20.09,78.99
SA7_ST110,70.29,100.0,100.0,100.0,6204,6195,6155,19.51,19.33,79.74
SA7_ST113,69.29,100.0,100.0,100.0,6108,6100,6070,16.34,16.19,82.89
SA7_ST89,74.22,100.0,100.0,100.0,6569,6552,6501,26.5,26.25,72.83
SA7_ST106,70.98,100.0,100.0,100.0,6255,6246,6219,20.25,20.06,79.02
SA7_ST95,73.54,100.0,100.0,100.0,6490,6479,6441,25.71,25.47,73.61
SA7_ST88,74.54,100.0,100.0,100.0,6579,6568,6530,27.34,27.09,71.99
SA7_ST104,71.32,100.0,100.0,100.0,6290,6272,6246,20.6,20.41,78.67
SA8_ST1,80.73,100.0,100.0,100.0,7121,7110,7071,45.77,45.34,53.73
SA7_ST100,72.68,100.0,100.0,100.0,6409,6399,6367,23.92,23.7,75.38
SA7_ST85,75.32,100.0,100.0,100.0,6644,6632,6597,29.31,29.04,70.04
SA7_ST96,73.4,100.0,100.0,100.0,6477,6467,6429,25.55,25.32,73.76
SA7_ST94,73.61,100.0,100.0,100.0,6493,6486,6449,25.71,25.47,73.6
SA7_ST92,73.88,100.0,100.0,100.0,6529,6517,6473,25.95,25.71,73.37
SA7_ST103,71.55,100.0,100.0,100.0,6316,6305,6262,21.25,21.05,78.03
SA7_ST98,73.14,100.0,100.0,100.0,6447,6440,6406,25.02,24.79,74.28
SA7_ST105,71.13,100.0,100.0,100.0,6266,6260,6231,20.33,20.14,78.93
SA7_ST102,71.95,100.0,100.0,100.0,6349,6337,6304,22.12,21.91,77.16
SA7_ST108,70.83,100.0,100.0,100.0,6245,6237,6204,20.31,20.13,78.95
SA8_ST2,80.94,100.0,100.0,100.0,7143,7131,7088,46.48,46.05,53.03
SA7_ST93,73.69,100.0,100.0,100.0,6513,6490,6455,25.78,25.55,73.53
SA7_ST87,74.82,100.0,100.0,100.0,6603,6590,6554,28.16,27.9,71.17
SA7_ST90,74.07,100.0,100.0,100.0,6560,6539,6485,26.0,25.76,73.32
SA7_ST91,73.99,100.0,100.0,100.0,6535,6523,6481,26.07,25.83,73.25
SA7_ST99,72.92,100.0,100.0,100.0,6431,6420,6388,24.41,24.19,74.89
SA7_ST111,69.95,100.0,100.0,100.0,6158,6153,6127,18.44,18.27,80.81
SA7_ST86,75.08,100.0,100.0,100.0,6623,6611,6577,28.81,28.55,70.53
SA8_ST32,82.79,100.0,100.0,100.0,7308,7298,7250,55.72,55.21,43.87
SA8_ST30,83.09,100.0,100.0,100.0,7334,7325,7275,57.07,56.55,42.53
SA8_ST27,83.13,100.0,100.0,100.0,7335,7326,7279,57.33,56.8,42.28
SA8_ST15,83.83,100.0,100.0,100.0,7378,7371,7343,58.16,57.62,41.46
SA8_ST19,84.17,100.0,100.0,100.0,7403,7397,7372,60.06,59.51,39.57
SA8_ST25,83.18,100.0,100.0,100.0,7353,7330,7284,57.67,57.14,41.94
SA8_ST28,83.12,100.0,100.0,100.0,7334,7326,7278,57.21,56.68,42.4
SA8_ST31,83.04,100.0,100.0,100.0,7332,7322,7272,56.66,56.14,42.94
SA8_ST7,82.68,100.0,100.0,100.0,7306,7285,7242,53.42,52.93,46.15
SA8_ST24,83.29,100.0,100.0,100.0,7366,7354,7288,58.07,57.53,41.54
SA8_ST13,83.8,100.0,100.0,100.0,7382,7374,7341,57.84,57.31,41.77
SA8_ST6,82.39,100.0,100.0,100.0,7278,7261,7216,52.39,51.91,47.17
SA8_ST22,83.74,100.0,100.0,100.0,7372,7365,7336,59.23,58.69,40.39
SA8_ST33,82.46,100.0,100.0,100.0,7278,7269,7221,54.56,54.06,45.02
SA8_ST18,84.31,100.0,100.0,100.0,7414,7409,7384,60.34,59.78,39.3
SA8_ST3,81.33,100.0,100.0,100.0,7201,7181,7121,47.67,47.23,51.84
SA8_ST14,83.8,100.0,100.0,100.0,7377,7371,7341,58.06,57.52,41.56
SA8_ST12,83.73,100.0,100.0,100.0,7381,7375,7341,57.14,56.61,42.46
SA8_ST10,83.56,100.0,100.0,100.0,7362,7349,7317,56.53,56.01,43.07
SA8_ST21,83.93,100.0,100.0,100.0,7383,7375,7350,59.55,59.0,40.08
SA8_ST16,83.84,100.0,100.0,100.0,7387,7379,7341,58.56,58.02,41.06
SA8_ST23,83.42,100.0,100.0,100.0,7395,7380,7304,58.43,57.89,41.19
SA8_ST20,84.02,100.0,100.0,100.0,7390,7384,7359,59.75,59.2,39.88
SA8_ST26,83.15,100.0,100.0,100.0,7337,7328,7280,57.46,56.93,42.15
SA8_ST34,82.17,100.0,100.0,100.0,7251,7244,7197,53.45,52.96,46.12
SA8_ST11,83.59,100.0,100.0,100.0,7345,7342,7323,56.53,56.01,43.07
SA8_ST5,82.2,100.0,100.0,100.0,7267,7250,7195,51.28,50.81,48.27
SA8_ST8,82.98,100.0,100.0,100.0,7330,7315,7266,54.33,53.83,45.25
SA8_ST9,83.41,100.0,100.0,100.0,7375,7368,7300,55.95,55.43,43.65
SA8_ST17,84.19,100.0,100.0,100.0,7425,7420,7371,59.85,59.3,39.78
SA8_ST29,83.11,100.0,100.0,100.0,7334,7326,7277,57.26,56.73,42.34
SA8_ST4,82.02,100.0,100.0,100.0,7248,7235,7186,50.39,49.92,49.15
SA8_ST64,77.26,100.0,100.0,100.0,6820,6806,6771,33.18,32.88,66.2
SA8_ST62,77.32,100.0,100.0,100.0,6819,6810,6774,33.08,32.77,66.31
SA8_ST59,77.69,100.0,100.0,100.0,6851,6843,6807,34.21,33.9,65.18
SA8_ST47,78.6,100.0,100.0,100.0,6971,6958,6889,40.34,39.97,59.11
SA8_ST51,78.44,100.0,100.0,100.0,6941,6929,6869,38.08,37.73,61.35
SA8_ST57,77.68,100.0,100.0,100.0,6897,6881,6799,34.25,33.93,65.15
SA8_ST60,77.49,100.0,100.0,100.0,6839,6822,6790,33.7,33.39,65.69
SA8_ST63,77.26,100.0,100.0,100.0,6817,6806,6768,32.84,32.54,66.54
SA8_ST39,80.66,100.0,100.0,100.0,7127,7117,7064,48.41,47.96,51.12
SA8_ST56,77.75,100.0,100.0,100.0,6889,6875,6810,35.11,34.78,64.29
SA8_ST45,79.28,100.0,100.0,100.0,7019,7006,6943,42.97,42.57,56.5
SA8_ST38,80.94,100.0,100.0,100.0,7145,7134,7088,49.32,48.87,50.21
SA8_ST54,78.15,100.0,100.0,100.0,6912,6900,6844,36.78,36.44,62.64
SA8_ST65,77.14,100.0,100.0,100.0,6806,6794,6759,33.14,32.84,66.24
SA8_ST50,78.33,100.0,100.0,100.0,6919,6907,6858,38.12,37.76,61.31
SA8_ST35,81.81,100.0,100.0,100.0,7222,7213,7165,52.33,51.85,47.23
SA8_ST46,79.04,100.0,100.0,100.0,6998,6987,6923,41.78,41.4,57.68
SA8_ST44,79.43,100.0,100.0,100.0,7033,7021,6958,44.09,43.69,55.39
SA8_ST42,79.82,100.0,100.0,100.0,7067,7051,6987,46.08,45.66,53.42
SA8_ST53,78.43,100.0,100.0,100.0,6938,6927,6868,37.42,37.07,62.01
SA8_ST48,78.27,100.0,100.0,100.0,6915,6904,6854,38.83,38.48,60.6
SA8_ST55,77.94,100.0,100.0,100.0,6893,6881,6825,35.88,35.55,63.53
SA8_ST52,78.67,100.0,100.0,100.0,6952,6943,6889,38.14,37.79,61.29
SA8_ST58,77.87,100.0,100.0,100.0,6881,6871,6819,34.62,34.3,64.78
SA8_ST66,76.95,100.0,100.0,100.0,6786,6775,6742,32.66,32.35,66.72
SA8_ST43,79.61,100.0,100.0,100.0,7063,7050,6973,45.15,44.74,54.34
SA8_ST37,81.23,100.0,100.0,100.0,7168,7160,7115,50.49,50.03,49.05
SA8_ST40,80.39,100.0,100.0,100.0,7101,7091,7041,47.72,47.28,51.79
SA8_ST41,80.07,100.0,100.0,100.0,7072,7062,7012,46.86,46.43,52.65
SA8_ST49,78.22,100.0,100.0,100.0,6906,6896,6849,38.22,37.87,61.21
SA8_ST61,77.38,100.0,100.0,100.0,6831,6821,6781,33.32,33.02,66.06
SA8_ST36,81.51,100.0,100.0,100.0,7192,7185,7139,51.49,51.02,48.06
SA8_ST96,72.47,100.0,100.0,100.0,6408,6399,6351,22.59,22.38,76.7
SA8_ST94,72.65,100.0,100.0,100.0,6422,6414,6368,22.56,22.35,76.72
SA8_ST91,72.82,100.0,100.0,100.0,6450,6439,6381,22.22,22.02,77.06
SA8_ST79,74.95,100.0,100.0,100.0,6636,6620,6569,27.6,27.35,71.73
SA8_ST83,74.6,100.0,100.0,100.0,6602,6586,6539,27.01,26.76,72.32
SA8_ST89,73.1,100.0,100.0,100.0,6467,6446,6406,22.72,22.51,76.57
SA8_ST92,72.78,100.0,100.0,100.0,6441,6425,6379,22.34,22.14,76.94
SA8_ST95,72.59,100.0,100.0,100.0,6420,6408,6362,22.64,22.43,76.65
SA8_ST71,76.19,100.0,100.0,100.0,6725,6712,6675,30.81,30.52,68.55
SA8_ST88,73.4,100.0,100.0,100.0,6503,6485,6429,23.63,23.42,75.66
SA8_ST77,75.26,100.0,100.0,100.0,6664,6650,6597,28.35,28.09,70.99
SA8_ST70,76.29,100.0,100.0,100.0,6734,6723,6684,31.14,30.85,68.23
SA8_ST86,74.04,100.0,100.0,100.0,6548,6534,6487,25.55,25.32,73.76
SA8_ST97,72.36,100.0,100.0,100.0,6394,6387,6342,22.52,22.31,76.77
SA8_ST82,74.71,100.0,100.0,100.0,6610,6598,6547,27.3,27.05,72.03
SA8_ST67,76.78,100.0,100.0,100.0,6772,6759,6726,32.18,31.88,67.19
SA8_ST78,75.07,100.0,100.0,100.0,6650,6636,6582,27.93,27.67,71.41
SA8_ST76,75.39,100.0,100.0,100.0,6676,6662,6607,28.69,28.42,70.66
SA8_ST74,75.76,100.0,100.0,100.0,6705,6689,6640,29.65,29.38,69.7
SA8_ST85,74.28,100.0,100.0,100.0,6569,6554,6510,26.19,25.95,73.12
SA8_ST80,74.87,100.0,100.0,100.0,6626,6614,6563,27.46,27.21,71.87
SA8_ST87,73.76,100.0,100.0,100.0,6529,6512,6466,24.74,24.51,74.57
SA8_ST84,74.49,100.0,100.0,100.0,6591,6575,6529,26.64,26.39,72.68
SA8_ST90,72.97,100.0,100.0,100.0,6453,6442,6394,22.46,22.25,76.82
SA8_ST98,72.25,100.0,100.0,100.0,6383,6375,6333,22.28,22.07,77.0
SA8_ST75,75.56,100.0,100.0,100.0,6688,6675,6627,29.15,28.88,70.19
SA8_ST69,76.41,100.0,100.0,100.0,6746,6734,6694,31.24,30.95,68.13
SA8_ST72,76.01,100.0,100.0,100.0,6725,6697,6660,30.24,29.96,69.11
SA8_ST73,75.84,100.0,100.0,100.0,6715,6697,6641,29.87,29.59,69.48
SA8_ST81,74.83,100.0,100.0,100.0,6623,6609,6560,27.41,27.15,71.92
SA8_ST93,72.71,100.0,100.0,100.0,6428,6417,6372,22.61,22.4,76.68
SA8_ST68,76.59,100.0,100.0,100.0,6756,6743,6709,31.64,31.35,67.73
SA9_ST14,83.25,100.0,100.0,100.0,7335,7328,7293,56.47,55.95,43.13
SA9_ST12,83.15,100.0,100.0,100.0,7335,7326,7289,55.59,55.07,44.0
SA9_ST9,82.68,100.0,100.0,100.0,7298,7287,7239,54.0,53.5,45.58
SA8_ST111,69.44,100.0,100.0,100.0,6126,6118,6085,16.76,16.61,82.47
SA9_ST1,80.06,100.0,100.0,100.0,7059,7047,7012,44.01,43.61,55.47
SA9_ST7,81.83,100.0,100.0,100.0,7232,7219,7170,51.28,50.81,48.27
SA9_ST10,82.96,100.0,100.0,100.0,7294,7287,7266,54.97,54.47,44.61
SA9_ST13,83.23,100.0,100.0,100.0,7338,7328,7291,56.26,55.74,43.34
SA8_ST103,70.87,100.0,100.0,100.0,6251,6244,6213,18.95,18.77,80.3
SA9_ST6,81.58,100.0,100.0,100.0,7199,7185,7146,50.38,49.92,49.16
SA8_ST109,69.98,100.0,100.0,100.0,6182,6174,6132,17.71,17.54,81.53
SA8_ST102,71.13,100.0,100.0,100.0,6290,6271,6233,19.6,19.42,79.66
SA9_ST4,81.16,100.0,100.0,100.0,7170,7150,7110,48.26,47.82,51.26
SA9_ST15,83.29,100.0,100.0,100.0,7336,7328,7296,56.59,56.07,43.01
SA8_ST114,68.35,100.0,100.0,100.0,6044,6035,5990,13.8,13.67,85.41
SA8_ST99,72.07,100.0,100.0,100.0,6369,6359,6317,21.81,21.61,77.47
SA8_ST110,69.68,100.0,100.0,100.0,6162,6154,6108,17.44,17.28,81.79
SA8_ST108,70.13,100.0,100.0,100.0,6196,6186,6147,17.91,17.75,81.33
SA8_ST106,70.33,100.0,100.0,100.0,6210,6200,6165,17.93,17.76,81.31
SA9_ST3,80.53,100.0,100.0,100.0,7129,7108,7049,45.75,45.33,53.75
SA8_ST112,69.18,100.0,100.0,100.0,6105,6098,6064,15.72,15.58,83.5
SA9_ST5,81.39,100.0,100.0,100.0,7179,7168,7128,49.35,48.9,50.18
SA9_ST2,80.22,100.0,100.0,100.0,7079,7063,7026,44.67,44.26,54.82
SA9_ST8,82.14,100.0,100.0,100.0,7258,7240,7190,52.06,51.58,47.5
SA9_ST16,83.31,100.0,100.0,100.0,7339,7331,7298,57.0,56.47,42.61
SA8_ST107,70.21,100.0,100.0,100.0,6201,6190,6153,17.87,17.71,81.37
SA8_ST101,71.43,100.0,100.0,100.0,6322,6310,6256,20.39,20.2,78.88
SA8_ST104,70.7,100.0,100.0,100.0,6233,6228,6195,18.38,18.21,80.87
SA8_ST105,70.48,100.0,100.0,100.0,6222,6213,6175,17.96,17.79,81.28
SA8_ST113,68.81,100.0,100.0,100.0,6077,6067,6031,14.78,14.64,84.44
SA9_ST11,83.02,100.0,100.0,100.0,7299,7293,7272,55.05,54.54,44.54
SA8_ST100,71.82,100.0,100.0,100.0,6353,6343,6297,21.31,21.12,77.96
SA9_ST46,78.18,100.0,100.0,100.0,6919,6904,6851,39.87,39.5,59.58
SA9_ST44,78.55,100.0,100.0,100.0,6952,6931,6881,42.08,41.69,57.39
SA9_ST41,79.3,100.0,100.0,100.0,6997,6986,6946,45.14,44.72,54.36
SA9_ST29,82.27,100.0,100.0,100.0,7249,7241,7205,55.07,54.56,44.52
SA9_ST33,81.71,100.0,100.0,100.0,7207,7196,7158,52.88,52.39,46.68
SA9_ST39,79.88,100.0,100.0,100.0,7047,7037,6999,46.67,46.24,52.83
SA9_ST42,79.06,100.0,100.0,100.0,6992,6974,6924,44.39,43.98,55.09
SA9_ST45,78.4,100.0,100.0,100.0,6936,6923,6870,40.96,40.58,58.5
SA9_ST21,83.34,100.0,100.0,100.0,7334,7326,7301,57.79,57.26,41.82
SA9_ST38,80.2,100.0,100.0,100.0,7073,7064,7027,47.68,47.24,51.84
SA9_ST27,82.34,100.0,100.0,100.0,7254,7245,7211,55.13,54.62,44.45
SA9_ST20,83.47,100.0,100.0,100.0,7341,7335,7311,58.06,57.52,41.56
SA9_ST36,80.77,100.0,100.0,100.0,7122,7115,7076,49.84,49.38,49.7
SA9_ST47,77.75,100.0,100.0,100.0,6893,6879,6817,38.47,38.11,60.97
SA9_ST32,81.99,100.0,100.0,100.0,7229,7220,7181,53.81,53.31,45.77
SA9_ST17,83.65,100.0,100.0,100.0,7378,7373,7325,58.25,57.71,41.36
SA9_ST28,82.3,100.0,100.0,100.0,7252,7242,7208,55.02,54.51,44.56
SA9_ST26,82.38,100.0,100.0,100.0,7259,7250,7216,55.27,54.76,44.32
SA9_ST24,82.53,100.0,100.0,100.0,7274,7268,7228,55.95,55.43,43.65
SA9_ST35,81.07,100.0,100.0,100.0,7151,7142,7103,50.68,50.21,48.87
SA9_ST30,82.24,100.0,100.0,100.0,7248,7239,7203,54.88,54.38,44.7
SA9_ST37,80.49,100.0,100.0,100.0,7097,7088,7051,48.84,48.39,50.69
SA9_ST34,81.44,100.0,100.0,100.0,7179,7171,7134,51.8,51.33,47.75
SA9_ST40,79.59,100.0,100.0,100.0,7026,7014,6973,45.9,45.47,53.6
SA9_ST48,77.43,100.0,100.0,100.0,6836,6825,6784,37.0,36.66,62.42
SA9_ST25,82.41,100.0,100.0,100.0,7263,7253,7217,55.48,54.97,44.11
SA9_ST19,83.63,100.0,100.0,100.0,7355,7348,7325,58.4,57.86,41.22
SA9_ST22,83.02,100.0,100.0,100.0,7319,7307,7264,57.23,56.71,42.37
SA9_ST23,82.65,100.0,100.0,100.0,7320,7295,7234,56.33,55.81,43.27
SA9_ST31,82.21,100.0,100.0,100.0,7246,7238,7201,54.63,54.13,44.95
SA9_ST43,78.81,100.0,100.0,100.0,6978,6966,6908,43.38,42.98,56.1
SA9_ST18,83.77,100.0,100.0,100.0,7367,7361,7337,58.72,58.18,40.9
SA2_ST12,86.62,100.0,100.0,100.0,7646,7635,7599,67.21,66.59,32.49
SA2_ST10,86.66,100.0,100.0,100.0,7615,7606,7591,67.02,66.4,32.68
SA2_ST7,85.89,100.0,100.0,100.0,7558,7547,7523,64.03,63.43,35.64
SA1_ST109,73.95,100.0,100.0,100.0,6531,6521,6478,31.16,30.87,68.2
SA1_ST113,71.98,100.0,100.0,100.0,6363,6351,6307,25.53,25.3,73.78
SA2_ST5,85.45,100.0,100.0,100.0,7517,7509,7485,61.91,61.34,37.73
SA2_ST8,86.11,100.0,100.0,100.0,7581,7571,7542,64.79,64.19,34.88
SA2_ST11,86.55,100.0,100.0,100.0,7606,7597,7581,66.69,66.07,33.01
SA1_ST101,76.08,100.0,100.0,100.0,6713,6704,6666,36.3,35.96,63.11
SA2_ST4,85.19,100.0,100.0,100.0,7499,7490,7465,60.67,60.11,38.97
SA1_ST107,74.82,100.0,100.0,100.0,6610,6598,6553,33.85,33.54,65.54
SA1_ST100,76.35,100.0,100.0,100.0,6744,6730,6689,36.91,36.57,62.51
SA2_ST2,83.87,100.0,100.0,100.0,7393,7383,7347,55.81,55.3,43.78
SA2_ST13,86.59,100.0,100.0,100.0,7634,7613,7586,67.63,67.0,32.08
SA1_ST112,72.52,100.0,100.0,100.0,6405,6392,6353,27.07,26.82,72.26
SA1_ST97,77.25,100.0,100.0,100.0,6809,6800,6765,39.41,39.04,60.04
SA1_ST108,74.43,100.0,100.0,100.0,6573,6564,6519,32.58,32.28,66.8
SA1_ST106,75.19,100.0,100.0,100.0,6640,6629,6587,34.9,34.58,64.5
SA1_ST104,75.78,100.0,100.0,100.0,6695,6683,6638,36.26,35.93,63.15
SA2_ST1,83.51,100.0,100.0,100.0,7353,7342,7316,54.26,53.76,45.32
SA1_ST110,73.31,100.0,100.0,100.0,6484,6472,6421,29.7,29.43,69.65
SA2_ST3,84.42,100.0,100.0,100.0,7457,7438,7394,57.82,57.29,41.79
SA1_ST114,71.33,100.0,100.0,100.0,6314,6301,6248,23.85,23.63,75.45
SA2_ST6,85.65,100.0,100.0,100.0,7537,7527,7504,63.07,62.49,36.59
SA2_ST14,86.56,100.0,100.0,100.0,7621,7610,7581,67.81,67.19,31.89
SA1_ST105,75.53,100.0,100.0,100.0,6673,6662,6615,35.61,35.28,63.8
SA1_ST99,76.62,100.0,100.0,100.0,6765,6754,6715,37.6,37.26,61.82
SA1_ST102,75.89,100.0,100.0,100.0,6706,6691,6646,35.86,35.53,63.55
SA1_ST103,75.83,100.0,100.0,100.0,6699,6687,6644,36.23,35.9,63.18
SA1_ST111,72.86,100.0,100.0,100.0,6430,6419,6382,28.31,28.05,71.03
SA2_ST9,86.53,100.0,100.0,100.0,7628,7620,7576,66.45,65.83,33.24
SA1_ST98,76.96,100.0,100.0,100.0,6787,6778,6741,38.55,38.19,60.89
SA9_ST78,73.92,100.0,100.0,100.0,6531,6516,6477,24.53,24.31,74.77
SA9_ST76,74.22,100.0,100.0,100.0,6557,6543,6501,25.15,24.92,74.16
SA9_ST73,74.74,100.0,100.0,100.0,6612,6589,6548,26.72,26.48,72.6
SA9_ST61,76.52,100.0,100.0,100.0,6762,6743,6704,30.73,30.45,68.63
SA9_ST65,76.34,100.0,100.0,100.0,6736,6724,6688,30.47,30.19,68.89
SA9_ST71,75.21,100.0,100.0,100.0,6643,6628,6588,27.94,27.68,71.4
SA9_ST74,74.55,100.0,100.0,100.0,6597,6580,6532,26.22,25.98,73.1
SA9_ST77,74.06,100.0,100.0,100.0,6544,6531,6490,24.8,24.57,74.5
SA9_ST53,77.53,100.0,100.0,100.0,6854,6844,6793,35.38,35.06,64.02
SA9_ST70,75.32,100.0,100.0,100.0,6652,6639,6598,28.36,28.1,70.98
SA9_ST59,76.9,100.0,100.0,100.0,6780,6771,6740,32.12,31.82,67.26
SA9_ST52,77.74,100.0,100.0,100.0,6866,6854,6811,35.98,35.65,63.43
SA9_ST68,75.75,100.0,100.0,100.0,6682,6673,6637,29.23,28.96,70.12
SA9_ST79,73.85,100.0,100.0,100.0,6519,6508,6469,24.44,24.22,74.86
SA9_ST64,76.46,100.0,100.0,100.0,6749,6737,6699,30.55,30.27,68.81
SA9_ST49,77.38,100.0,100.0,100.0,6826,6816,6779,36.38,36.04,63.03
SA9_ST60,76.72,100.0,100.0,100.0,6764,6756,6723,31.53,31.24,67.84
SA9_ST58,76.99,100.0,100.0,100.0,6796,6785,6748,32.46,32.16,66.92
SA9_ST56,76.8,100.0,100.0,100.0,6798,6781,6729,32.95,32.65,66.43
SA9_ST67,75.96,100.0,100.0,100.0,6701,6687,6655,29.73,29.45,69.63
SA9_ST62,76.48,100.0,100.0,100.0,6758,6747,6705,30.49,30.21,68.86
SA9_ST69,75.52,100.0,100.0,100.0,6664,6651,6617,28.78,28.51,70.57
SA9_ST66,76.15,100.0,100.0,100.0,6717,6706,6672,30.22,29.94,69.14
SA9_ST72,75.01,100.0,100.0,100.0,6628,6614,6573,27.36,27.11,71.97
SA9_ST80,73.77,100.0,100.0,100.0,6511,6500,6461,24.3,24.08,75.0
SA9_ST57,76.68,100.0,100.0,100.0,6812,6789,6714,31.89,31.59,67.49
SA9_ST51,77.52,100.0,100.0,100.0,6855,6837,6790,35.92,35.59,63.48
SA9_ST54,77.25,100.0,100.0,100.0,6829,6815,6770,34.78,34.46,64.62
SA9_ST55,77.04,100.0,100.0,100.0,6808,6797,6749,33.87,33.55,65.52
SA9_ST63,76.52,100.0,100.0,100.0,6758,6744,6705,30.49,30.21,68.87
SA9_ST75,74.33,100.0,100.0,100.0,6577,6555,6512,25.58,25.34,73.74
SA9_ST50,77.48,100.0,100.0,100.0,6838,6827,6788,36.25,35.91,63.16
SA9_ST110,69.16,100.0,100.0,100.0,6100,6092,6057,15.69,15.55,83.53
SA9_ST108,69.63,100.0,100.0,100.0,6129,6119,6098,16.22,16.07,83.0
SA9_ST105,69.98,100.0,100.0,100.0,6157,6150,6131,16.29,16.14,82.94
SA9_ST93,71.85,100.0,100.0,100.0,6332,6323,6295,19.91,19.73,79.35
SA9_ST97,71.52,100.0,100.0,100.0,6305,6296,6267,20.04,19.85,79.23
SA9_ST103,70.38,100.0,100.0,100.0,6193,6186,6166,17.34,17.18,81.9
SA9_ST106,69.83,100.0,100.0,100.0,6146,6138,6117,16.19,16.04,83.03
SA9_ST109,69.48,100.0,100.0,100.0,6120,6112,6086,16.02,15.88,83.2
SA9_ST85,73.2,100.0,100.0,100.0,6464,6451,6413,23.08,22.87,76.21
SA9_ST102,70.63,100.0,100.0,100.0,6216,6209,6187,17.98,17.81,81.27
SA9_ST91,71.91,100.0,100.0,100.0,6341,6330,6297,19.2,19.03,80.05
SA9_ST84,73.41,100.0,100.0,100.0,6480,6469,6431,23.61,23.4,75.68
SA9_ST100,71.08,100.0,100.0,100.0,6261,6249,6226,19.11,18.93,80.15
SA9_ST111,69.0,100.0,100.0,100.0,6068,6065,6047,15.32,15.18,83.9
SA9_ST96,71.64,100.0,100.0,100.0,6317,6308,6276,20.09,19.9,79.18
SA9_ST81,73.72,100.0,100.0,100.0,6509,6495,6458,24.17,23.95,75.13
SA9_ST92,71.93,100.0,100.0,100.0,6339,6331,6301,19.62,19.44,79.63
SA9_ST90,72.1,100.0,100.0,100.0,6354,6346,6314,19.68,19.49,79.58
SA9_ST88,72.58,100.0,100.0,100.0,6391,6384,6359,21.02,20.82,78.26
SA9_ST99,71.21,100.0,100.0,100.0,6282,6271,6236,19.37,19.19,79.89
SA9_ST94,71.8,100.0,100.0,100.0,6327,6321,6290,19.93,19.74,79.33
SA9_ST101,70.84,100.0,100.0,100.0,6234,6229,6206,18.54,18.37,80.71
SA9_ST98,71.39,100.0,100.0,100.0,6297,6290,6256,19.79,19.61,79.47
SA9_ST104,70.2,100.0,100.0,100.0,6174,6171,6148,16.73,16.57,82.5
SA9_ST112,68.84,100.0,100.0,100.0,6056,6050,6031,14.74,14.6,84.47
SA9_ST89,72.33,100.0,100.0,100.0,6370,6363,6335,20.33,20.14,78.94
SA9_ST83,73.51,100.0,100.0,100.0,6489,6477,6441,23.99,23.77,75.31
SA9_ST86,72.95,100.0,100.0,100.0,6446,6433,6389,22.26,22.05,77.03
SA9_ST87,72.73,100.0,100.0,100.0,6423,6396,6371,21.53,21.33,77.74
SA9_ST95,71.75,100.0,100.0,100.0,6326,6316,6285,20.09,19.9,79.18
SA9_ST107,69.7,100.0,100.0,100.0,6133,6128,6106,16.17,16.02,83.06
SA9_ST82,73.6,100.0,100.0,100.0,6497,6486,6447,24.15,23.92,75.15
SA10_ST28,81.63,100.0,100.0,100.0,7192,7183,7151,52.69,52.2,46.88
SA10_ST26,81.71,100.0,100.0,100.0,7201,7190,7157,52.98,52.49,46.59
SA10_ST23,82.19,100.0,100.0,100.0,7264,7252,7197,54.48,53.98,45.1
SA10_ST11,82.48,100.0,100.0,100.0,7250,7246,7227,53.25,52.76,46.32
SA10_ST15,82.72,100.0,100.0,100.0,7285,7277,7247,54.73,54.23,44.85
SA10_ST21,82.76,100.0,100.0,100.0,7282,7269,7251,55.68,55.16,43.91
SA10_ST24,82.03,100.0,100.0,100.0,7227,7220,7186,54.01,53.51,45.57
SA10_ST27,81.66,100.0,100.0,100.0,7194,7186,7153,52.82,52.33,46.74
SA10_ST3,79.84,100.0,100.0,100.0,7058,7042,6992,43.81,43.4,55.68
SA10_ST20,82.84,100.0,100.0,100.0,7293,7286,7254,55.86,55.35,43.73
SA10_ST9,82.1,100.0,100.0,100.0,7245,7240,7189,52.15,51.67,47.41
SA10_ST2,79.56,100.0,100.0,100.0,7018,7008,6967,42.78,42.38,56.7
SA10_ST18,83.16,100.0,100.0,100.0,7318,7311,7286,56.61,56.09,42.99
SA10_ST29,81.59,100.0,100.0,100.0,7189,7181,7146,52.71,52.23,46.85
SA10_ST14,82.66,100.0,100.0,100.0,7282,7273,7242,54.56,54.06,45.02
SA9_ST113,68.49,100.0,100.0,100.0,6028,6021,6000,13.88,13.75,85.32
SA10_ST10,82.41,100.0,100.0,100.0,7246,7241,7220,53.16,52.67,46.41
SA10_ST8,81.48,100.0,100.0,100.0,7185,7175,7137,50.03,49.57,49.5
SA10_ST6,80.72,100.0,100.0,100.0,7131,7115,7071,47.78,47.34,51.74
SA10_ST17,83.04,100.0,100.0,100.0,7329,7322,7272,56.16,55.64,43.44
SA10_ST12,82.59,100.0,100.0,100.0,7283,7274,7239,53.69,53.2,45.88
SA10_ST19,83.01,100.0,100.0,100.0,7308,7300,7272,56.26,55.74,43.34
SA10_ST16,82.74,100.0,100.0,100.0,7289,7280,7247,55.1,54.59,44.49
SA10_ST22,82.54,100.0,100.0,100.0,7263,7255,7229,55.33,54.82,44.26
SA10_ST30,81.55,100.0,100.0,100.0,7187,7178,7143,52.5,52.02,47.06
SA10_ST7,81.02,100.0,100.0,100.0,7159,7135,7098,48.78,48.33,50.75
SA10_ST1,79.4,100.0,100.0,100.0,7003,6993,6956,42.02,41.63,57.44
SA10_ST4,80.46,100.0,100.0,100.0,7096,7086,7052,46.22,45.79,53.29
SA10_ST5,80.61,100.0,100.0,100.0,7114,7101,7061,46.98,46.54,52.53
SA10_ST13,82.66,100.0,100.0,100.0,7287,7277,7241,54.34,53.83,45.24
SA10_ST25,81.83,100.0,100.0,100.0,7208,7199,7168,53.38,52.89,46.19
SA9_ST114,68.04,100.0,100.0,100.0,5996,5989,5961,12.92,12.8,86.28
SA10_ST60,75.87,100.0,100.0,100.0,6698,6686,6647,29.15,28.88,70.2
SA10_ST58,76.03,100.0,100.0,100.0,6716,6704,6662,30.05,29.77,69.31
SA10_ST55,76.19,100.0,100.0,100.0,6737,6722,6673,31.76,31.47,67.61
SA10_ST43,78.03,100.0,100.0,100.0,6912,6894,6839,41.36,40.98,58.1
SA10_ST47,76.96,100.0,100.0,100.0,6825,6808,6746,36.41,36.08,63.0
SA10_ST53,76.66,100.0,100.0,100.0,6782,6766,6714,33.25,32.94,66.14
SA10_ST56,75.95,100.0,100.0,100.0,6716,6703,6654,30.86,30.57,68.51
SA10_ST59,76.0,100.0,100.0,100.0,6709,6699,6658,29.79,29.52,69.56
SA10_ST35,80.42,100.0,100.0,100.0,7095,7082,7045,48.77,48.32,50.76
SA10_ST52,76.83,100.0,100.0,100.0,6790,6776,6728,33.67,33.36,65.72
SA10_ST41,78.6,100.0,100.0,100.0,6935,6924,6884,43.12,42.72,56.36
SA10_ST34,80.8,100.0,100.0,100.0,7123,7112,7078,49.89,49.43,49.64
SA10_ST50,76.66,100.0,100.0,100.0,6768,6756,6715,34.17,33.85,65.22
SA10_ST61,75.68,100.0,100.0,100.0,6680,6668,6631,28.42,28.15,70.92
SA10_ST46,77.32,100.0,100.0,100.0,6851,6835,6772,37.66,37.31,61.76
SA10_ST31,81.49,100.0,100.0,100.0,7181,7172,7138,52.19,51.7,47.37
SA10_ST42,78.37,100.0,100.0,100.0,6919,6901,6864,42.43,42.04,57.03
SA10_ST40,78.9,100.0,100.0,100.0,6963,6950,6911,43.9,43.49,55.58
SA10_ST38,79.55,100.0,100.0,100.0,7015,7004,6968,45.81,45.39,53.69
SA10_ST49,76.58,100.0,100.0,100.0,6759,6748,6709,34.35,34.03,65.05
SA10_ST44,77.75,100.0,100.0,100.0,6880,6862,6810,40.02,39.65,59.43
SA10_ST51,76.68,100.0,100.0,100.0,6774,6761,6717,33.88,33.57,65.51
SA10_ST48,76.64,100.0,100.0,100.0,6770,6756,6713,34.97,34.64,64.43
SA10_ST54,76.39,100.0,100.0,100.0,6758,6739,6692,32.63,32.33,66.75
SA10_ST62,75.48,100.0,100.0,100.0,6679,6648,6614,27.77,27.52,71.56
SA10_ST39,79.24,100.0,100.0,100.0,6987,6977,6942,44.82,44.41,54.67
SA10_ST33,81.05,100.0,100.0,100.0,7144,7133,7100,50.78,50.31,48.77
SA10_ST36,80.12,100.0,100.0,100.0,7065,7054,7019,47.94,47.5,51.58
SA10_ST37,79.83,100.0,100.0,100.0,7040,7029,6993,46.95,46.52,52.56
SA10_ST45,77.54,100.0,100.0,100.0,6869,6846,6791,38.72,38.36,60.72
SA10_ST57,75.74,100.0,100.0,100.0,6728,6705,6625,29.57,29.3,69.78
SA10_ST32,81.31,100.0,100.0,100.0,7168,7157,7122,51.58,51.11,47.97
SA10_ST92,71.21,100.0,100.0,100.0,6285,6273,6234,17.07,16.92,82.16
SA10_ST90,71.54,100.0,100.0,100.0,6298,6292,6268,17.7,17.54,81.54
SA10_ST87,71.9,100.0,100.0,100.0,6345,6334,6300,18.89,18.71,80.36
SA10_ST75,73.19,100.0,100.0,100.0,6476,6459,6413,21.99,21.79,77.29
SA10_ST79,72.79,100.0,100.0,100.0,6436,6422,6378,21.31,21.11,77.97
SA10_ST85,72.06,100.0,100.0,100.0,6379,6362,6312,19.58,19.4,79.68
SA10_ST88,71.81,100.0,100.0,100.0,6336,6327,6292,18.55,18.38,80.7
SA10_ST91,71.32,100.0,100.0,100.0,6281,6274,6248,17.13,16.98,82.1
SA10_ST67,75.07,100.0,100.0,100.0,6629,6614,6575,26.77,26.52,72.55
SA10_ST84,72.26,100.0,100.0,100.0,6400,6383,6334,20.16,19.97,79.11
SA10_ST73,73.58,100.0,100.0,100.0,6514,6494,6447,23.3,23.09,75.99
SA10_ST66,75.25,100.0,100.0,100.0,6646,6633,6592,27.21,26.96,72.12
SA10_ST82,72.51,100.0,100.0,100.0,6412,6397,6353,21.1,20.9,78.18
SA10_ST93,71.17,100.0,100.0,100.0,6278,6266,6235,17.52,17.35,81.72
SA10_ST78,72.85,100.0,100.0,100.0,6440,6428,6384,21.35,21.15,77.93
SA10_ST63,75.42,100.0,100.0,100.0,6682,6661,6598,27.47,27.22,71.86
SA10_ST74,73.3,100.0,100.0,100.0,6498,6470,6421,22.42,22.21,76.87
SA10_ST72,73.91,100.0,100.0,100.0,6538,6522,6476,23.94,23.72,75.36
SA10_ST70,74.34,100.0,100.0,100.0,6565,6552,6513,25.22,24.98,74.09
SA10_ST81,72.65,100.0,100.0,100.0,6424,6408,6365,21.14,20.95,78.13
SA10_ST76,73.04,100.0,100.0,100.0,6469,6452,6401,21.51,21.31,77.76
SA10_ST83,72.39,100.0,100.0,100.0,6405,6389,6344,20.71,20.52,78.56
SA10_ST80,72.7,100.0,100.0,100.0,6427,6415,6369,21.17,20.98,78.1
SA10_ST86,71.97,100.0,100.0,100.0,6349,6340,6306,19.17,18.99,80.09
SA10_ST94,71.1,100.0,100.0,100.0,6271,6261,6229,17.51,17.34,81.73
SA10_ST71,74.14,100.0,100.0,100.0,6557,6539,6492,24.54,24.31,74.77
SA10_ST65,75.41,100.0,100.0,100.0,6664,6650,6608,27.55,27.3,71.78
SA10_ST68,74.85,100.0,100.0,100.0,6609,6596,6557,26.39,26.15,72.93
SA10_ST69,74.6,100.0,100.0,100.0,6585,6575,6536,25.91,25.67,73.41
SA10_ST77,72.92,100.0,100.0,100.0,6453,6435,6390,21.28,21.09,77.99
SA10_ST89,71.65,100.0,100.0,100.0,6318,6306,6278,18.01,17.84,81.23
SA10_ST64,75.43,100.0,100.0,100.0,6673,6657,6613,27.45,27.19,71.88
SA11_ST10,81.74,100.0,100.0,100.0,7193,7190,7160,51.31,50.84,48.24
SA11_ST8,80.81,100.0,100.0,100.0,7130,7122,7080,48.17,47.73,51.35
SA11_ST5,79.75,100.0,100.0,100.0,7045,7027,6987,44.49,44.08,55.0
SA10_ST107,69.36,100.0,100.0,100.0,6106,6100,6076,14.75,14.61,84.47
SA10_ST111,68.67,100.0,100.0,100.0,6045,6040,6016,14.09,13.96,85.12
SA11_ST3,79.16,100.0,100.0,100.0,7004,6988,6935,41.82,41.44,57.64
SA11_ST6,79.96,100.0,100.0,100.0,7048,7042,7006,45.63,45.21,53.87
SA11_ST9,81.43,100.0,100.0,100.0,7191,7188,7131,50.3,49.83,49.24
SA10_ST99,70.65,100.0,100.0,100.0,6223,6217,6190,17.46,17.3,81.78
SA11_ST2,78.9,100.0,100.0,100.0,6962,6953,6914,41.01,40.63,58.45
SA10_ST105,69.62,100.0,100.0,100.0,6129,6122,6098,14.87,14.74,84.34
SA10_ST98,70.71,100.0,100.0,100.0,6230,6223,6194,17.59,17.43,81.65
SA10_ST114,67.91,100.0,100.0,100.0,5985,5978,5948,12.42,12.31,86.77
SA11_ST11,81.82,100.0,100.0,100.0,7201,7197,7170,51.41,50.93,48.15
SA10_ST110,68.84,100.0,100.0,100.0,6076,6068,6029,14.49,14.36,84.72
SA10_ST95,71.02,100.0,100.0,100.0,6265,6254,6222,17.68,17.51,81.56
SA10_ST106,69.45,100.0,100.0,100.0,6118,6110,6087,14.67,14.54,84.54
SA10_ST104,69.86,100.0,100.0,100.0,6149,6144,6119,15.42,15.27,83.8
SA10_ST102,70.24,100.0,100.0,100.0,6184,6178,6153,16.59,16.44,82.64
SA10_ST113,68.34,100.0,100.0,100.0,6016,6008,5987,13.35,13.22,85.85
SA10_ST108,69.29,100.0,100.0,100.0,6096,6091,6069,14.84,14.7,84.38
SA11_ST1,78.74,100.0,100.0,100.0,6944,6935,6901,40.3,39.93,59.15
SA10_ST112,68.58,100.0,100.0,100.0,6036,6031,6008,13.79,13.66,85.42
SA11_ST4,79.67,100.0,100.0,100.0,7038,7027,6985,43.93,43.52,55.55
SA11_ST12,81.9,100.0,100.0,100.0,7230,7223,7179,51.75,51.28,47.8
SA10_ST103,70.04,100.0,100.0,100.0,6166,6158,6136,16.01,15.86,83.21
SA10_ST97,70.77,100.0,100.0,100.0,6246,6233,6198,17.67,17.5,81.57
SA10_ST100,70.61,100.0,100.0,100.0,6215,6210,6186,17.51,17.35,81.73
SA10_ST101,70.43,100.0,100.0,100.0,6200,6195,6170,17.09,16.93,82.14
SA10_ST109,69.15,100.0,100.0,100.0,6094,6084,6056,14.76,14.63,84.45
SA11_ST7,80.35,100.0,100.0,100.0,7091,7084,7041,46.91,46.48,52.6
SA10_ST96,70.88,100.0,100.0,100.0,6258,6246,6209,17.67,17.51,81.57
SA11_ST42,77.67,100.0,100.0,100.0,6853,6842,6803,40.43,40.06,59.02
SA11_ST40,78.25,100.0,100.0,100.0,6901,6891,6854,42.03,41.64,57.43
SA11_ST37,79.2,100.0,100.0,100.0,6979,6972,6937,45.12,44.7,54.37
SA11_ST25,81.35,100.0,100.0,100.0,7164,7158,7127,51.58,51.11,47.97
SA11_ST29,80.93,100.0,100.0,100.0,7129,7122,7088,50.64,50.17,48.91
SA11_ST35,79.82,100.0,100.0,100.0,7038,7029,6992,46.99,46.56,52.52
SA11_ST38,78.92,100.0,100.0,100.0,6958,6948,6911,43.97,43.56,55.52
SA11_ST41,77.89,100.0,100.0,100.0,6874,6862,6820,41.09,40.71,58.36
SA11_ST17,82.39,100.0,100.0,100.0,7273,7268,7210,54.11,53.62,45.46
SA11_ST34,80.18,100.0,100.0,100.0,7065,7059,7023,48.0,47.56,51.52
SA11_ST23,81.71,100.0,100.0,100.0,7224,7211,7155,52.73,52.24,46.84
SA11_ST16,82.13,100.0,100.0,100.0,7235,7230,7194,53.16,52.67,46.41
SA11_ST32,80.62,100.0,100.0,100.0,7102,7097,7061,49.38,48.93,50.15
SA11_ST43,77.28,100.0,100.0,100.0,6838,6815,6771,39.49,39.13,59.95
SA11_ST28,80.96,100.0,100.0,100.0,7132,7124,7092,50.64,50.17,48.91
SA11_ST13,82.0,100.0,100.0,100.0,7234,7227,7185,52.39,51.91,47.17
SA11_ST24,81.55,100.0,100.0,100.0,7186,7181,7144,52.21,51.73,47.35
SA11_ST22,82.08,100.0,100.0,100.0,7226,7216,7188,53.63,53.14,45.94
SA11_ST20,82.33,100.0,100.0,100.0,7238,7233,7213,54.07,53.58,45.5
SA11_ST31,80.78,100.0,100.0,100.0,7115,7110,7076,49.96,49.5,49.58
SA11_ST26,81.17,100.0,100.0,100.0,7147,7141,7111,51.07,50.6,48.48
SA11_ST33,80.4,100.0,100.0,100.0,7086,7078,7041,48.74,48.29,50.79
SA11_ST30,80.88,100.0,100.0,100.0,7124,7118,7084,50.39,49.93,49.15
SA11_ST36,79.52,100.0,100.0,100.0,7009,7001,6965,46.15,45.72,53.35
SA11_ST44,76.93,100.0,100.0,100.0,6807,6789,6735,38.1,37.75,61.33
SA11_ST21,82.29,100.0,100.0,100.0,7235,7229,7208,53.97,53.47,45.61
SA11_ST15,82.11,100.0,100.0,100.0,7234,7228,7194,52.79,52.31,46.77
SA11_ST18,82.52,100.0,100.0,100.0,7261,7254,7228,54.56,54.06,45.02
SA11_ST19,82.43,100.0,100.0,100.0,7247,7242,7221,54.32,53.82,45.26
SA11_ST27,81.04,100.0,100.0,100.0,7134,7128,7099,50.83,50.36,48.71
SA11_ST39,78.6,100.0,100.0,100.0,6931,6923,6885,42.97,42.57,56.5
SA11_ST14,82.04,100.0,100.0,100.0,7231,7225,7190,52.65,52.17,46.91
SA11_ST74,71.86,100.0,100.0,100.0,6377,6359,6298,18.01,17.85,81.23
SA11_ST72,72.51,100.0,100.0,100.0,6440,6418,6353,19.97,19.78,79.29
SA11_ST69,73.4,100.0,100.0,100.0,6504,6487,6433,22.36,22.15,76.92
SA11_ST57,74.73,100.0,100.0,100.0,6644,6616,6538,27.11,26.86,72.22
SA11_ST61,74.66,100.0,100.0,100.0,6604,6587,6540,25.76,25.53,73.55
SA11_ST67,73.81,100.0,100.0,100.0,6544,6523,6458,23.32,23.1,75.97
SA11_ST70,73.13,100.0,100.0,100.0,6479,6465,6408,21.6,21.4,77.67
SA11_ST73,72.1,100.0,100.0,100.0,6408,6384,6316,18.85,18.67,80.41
SA11_ST49,75.59,100.0,100.0,100.0,6685,6670,6621,31.98,31.69,67.39
SA11_ST66,73.95,100.0,100.0,100.0,6557,6537,6471,23.67,23.45,75.62
SA11_ST55,75.2,100.0,100.0,100.0,6660,6642,6583,29.26,28.99,70.09
SA11_ST48,75.56,100.0,100.0,100.0,6695,6680,6615,32.42,32.12,66.96
SA11_ST64,74.19,100.0,100.0,100.0,6573,6544,6498,24.37,24.15,74.93
SA11_ST75,71.57,100.0,100.0,100.0,6364,6340,6267,17.1,16.94,82.13
SA11_ST60,74.82,100.0,100.0,100.0,6617,6601,6553,26.46,26.22,72.86
SA11_ST45,76.66,100.0,100.0,100.0,6786,6769,6711,36.65,36.31,62.77
SA11_ST56,74.97,100.0,100.0,100.0,6641,6624,6563,28.41,28.14,70.93
SA11_ST54,75.39,100.0,100.0,100.0,6682,6658,6603,30.08,29.8,69.27
SA11_ST52,75.88,100.0,100.0,100.0,6708,6692,6644,31.35,31.06,68.02
SA11_ST63,74.33,100.0,100.0,100.0,6572,6556,6510,24.73,24.5,74.58
SA11_ST58,74.95,100.0,100.0,100.0,6631,6615,6564,27.43,27.17,71.9
SA11_ST65,74.09,100.0,100.0,100.0,6568,6548,6488,24.14,23.92,75.16
SA11_ST62,74.48,100.0,100.0,100.0,6585,6570,6524,25.17,24.93,74.14
SA11_ST68,73.64,100.0,100.0,100.0,6526,6510,6453,22.97,22.75,76.32
SA11_ST76,71.52,100.0,100.0,100.0,6339,6324,6268,16.99,16.83,82.24
SA11_ST53,75.63,100.0,100.0,100.0,6701,6683,6618,30.7,30.41,68.67
SA11_ST47,75.82,100.0,100.0,100.0,6755,6725,6638,33.76,33.45,65.63
SA11_ST50,75.71,100.0,100.0,100.0,6692,6679,6629,31.9,31.6,67.48
SA11_ST51,75.74,100.0,100.0,100.0,6699,6683,6632,31.62,31.33,67.74
SA11_ST59,74.92,100.0,100.0,100.0,6626,6611,6562,27.01,26.76,72.31
SA11_ST71,72.86,100.0,100.0,100.0,6459,6441,6386,20.78,20.58,78.49
SA11_ST46,76.32,100.0,100.0,100.0,6764,6742,6683,35.26,34.93,64.15
SA11_ST106,68.87,100.0,100.0,100.0,6083,6072,6036,12.7,12.58,86.49
SA11_ST104,69.33,100.0,100.0,100.0,6117,6108,6076,13.7,13.57,85.5
SA11_ST101,69.8,100.0,100.0,100.0,6158,6151,6118,15.08,14.94,84.13
SA11_ST89,70.67,100.0,100.0,100.0,6248,6239,6194,15.14,15.0,84.08
SA11_ST93,70.21,100.0,100.0,100.0,6213,6200,6149,14.43,14.3,84.78
SA11_ST99,69.92,100.0,100.0,100.0,6174,6166,6129,15.08,14.94,84.14
SA11_ST102,69.66,100.0,100.0,100.0,6145,6137,6104,14.71,14.57,84.51
SA11_ST105,69.11,100.0,100.0,100.0,6097,6089,6057,13.22,13.09,85.98
SA11_ST81,71.22,100.0,100.0,100.0,6315,6296,6242,17.13,16.97,82.11
SA11_ST98,69.99,100.0,100.0,100.0,6180,6170,6134,15.22,15.08,84.0
SA11_ST87,70.78,100.0,100.0,100.0,6260,6248,6204,15.63,15.48,83.59
SA11_ST80,71.29,100.0,100.0,100.0,6318,6303,6247,17.28,17.12,81.96
SA11_ST96,70.09,100.0,100.0,100.0,6187,6179,6143,15.1,14.96,84.11
SA11_ST107,68.8,100.0,100.0,100.0,6072,6066,6031,12.78,12.66,86.41
SA11_ST92,70.33,100.0,100.0,100.0,6219,6204,6166,14.38,14.24,84.83
SA11_ST77,71.5,100.0,100.0,100.0,6334,6321,6268,17.21,17.05,82.03
SA11_ST88,70.75,100.0,100.0,100.0,6256,6246,6202,15.43,15.29,83.79
SA11_ST86,70.79,100.0,100.0,100.0,6260,6251,6206,15.74,15.59,83.48
SA11_ST84,70.81,100.0,100.0,100.0,6280,6255,6205,15.87,15.72,83.35
SA11_ST95,70.16,100.0,100.0,100.0,6200,6184,6150,14.93,14.79,84.29
SA11_ST90,70.64,100.0,100.0,100.0,6246,6235,6191,15.06,14.93,84.15
SA11_ST97,70.03,100.0,100.0,100.0,6180,6171,6139,15.22,15.08,84.0
SA11_ST94,70.19,100.0,100.0,100.0,6205,6195,6150,14.62,14.49,84.59
SA11_ST100,69.9,100.0,100.0,100.0,6171,6164,6127,15.22,15.08,84.0
SA11_ST108,68.78,100.0,100.0,100.0,6063,6058,6028,13.03,12.91,86.17
SA11_ST85,70.79,100.0,100.0,100.0,6265,6253,6204,15.83,15.69,83.39
SA11_ST79,71.37,100.0,100.0,100.0,6326,6309,6255,17.26,17.1,81.98
SA11_ST82,71.03,100.0,100.0,100.0,6301,6283,6226,16.81,16.65,82.43
SA11_ST83,70.85,100.0,100.0,100.0,6291,6271,6202,16.2,16.05,83.03
SA11_ST91,70.48,100.0,100.0,100.0,6229,6221,6178,14.68,14.55,84.53
SA11_ST103,69.46,100.0,100.0,100.0,6128,6119,6088,14.14,14.01,85.07
SA11_ST78,71.43,100.0,100.0,100.0,6331,6317,6262,17.25,17.09,81.98
SA11_ST114,67.61,100.0,100.0,100.0,5970,5963,5930,11.31,11.21,87.87
SA11_ST111,68.22,100.0,100.0,100.0,6018,6012,5979,12.6,12.48,86.6
SA11_ST112,68.11,100.0,100.0,100.0,6009,6003,5970,12.27,12.16,86.92
SA11_ST110,68.36,100.0,100.0,100.0,6046,6034,5989,12.82,12.7,86.38
SA11_ST113,67.92,100.0,100.0,100.0,5996,5987,5953,11.99,11.88,87.19
SA11_ST109,68.66,100.0,100.0,100.0,6055,6047,6018,13.06,12.94,86.14
SA2_ST44,82.81,100.0,100.0,100.0,7302,7295,7253,54.16,53.66,45.42
SA2_ST42,83.25,100.0,100.0,100.0,7368,7355,7290,56.23,55.71,43.36
SA2_ST39,84.33,100.0,100.0,100.0,7452,7442,7385,59.99,59.44,39.64
SA2_ST27,87.15,100.0,100.0,100.0,7691,7666,7631,69.64,69.0,30.08
SA2_ST31,86.63,100.0,100.0,100.0,7654,7643,7584,67.63,67.0,32.07
SA2_ST37,84.89,100.0,100.0,100.0,7518,7499,7432,62.26,61.68,37.39
SA2_ST40,83.92,100.0,100.0,100.0,7415,7404,7348,58.61,58.07,41.01
SA2_ST43,83.09,100.0,100.0,100.0,7342,7336,7280,55.47,54.96,44.12
SA2_ST19,87.04,100.0,100.0,100.0,7667,7653,7625,70.02,69.38,29.7
SA2_ST36,85.12,100.0,100.0,100.0,7532,7518,7456,62.92,62.34,36.73
SA2_ST25,87.15,100.0,100.0,100.0,7677,7664,7633,69.94,69.29,29.78
SA2_ST18,87.2,100.0,100.0,100.0,7673,7662,7638,70.52,69.87,29.21
SA2_ST34,85.61,100.0,100.0,100.0,7563,7550,7495,64.08,63.49,35.58
SA2_ST45,82.56,100.0,100.0,100.0,7278,7269,7233,52.82,52.34,46.74
SA2_ST30,87.03,100.0,100.0,100.0,7676,7670,7624,69.21,68.57,30.51
SA2_ST15,86.63,100.0,100.0,100.0,7629,7616,7587,68.13,67.51,31.57
SA2_ST26,87.15,100.0,100.0,100.0,7680,7664,7633,69.75,69.11,29.97
SA2_ST24,87.13,100.0,100.0,100.0,7681,7669,7632,70.06,69.41,29.67
SA2_ST22,87.02,100.0,100.0,100.0,7652,7642,7622,69.82,69.18,29.9
SA2_ST33,85.97,100.0,100.0,100.0,7589,7579,7527,65.35,64.75,34.33
SA2_ST28,87.15,100.0,100.0,100.0,7686,7671,7630,69.56,68.91,30.16
SA2_ST35,85.29,100.0,100.0,100.0,7555,7538,7465,63.21,62.63,36.45
SA2_ST32,86.35,100.0,100.0,100.0,7624,7616,7563,66.6,65.98,33.09
SA2_ST38,84.62,100.0,100.0,100.0,7493,7471,7408,61.08,60.52,38.56
SA2_ST46,82.21,100.0,100.0,100.0,7249,7240,7203,51.44,50.97,48.11
SA2_ST23,86.93,100.0,100.0,100.0,7690,7672,7609,69.56,68.92,30.16
SA2_ST17,87.12,100.0,100.0,100.0,7684,7675,7628,70.16,69.51,29.57
SA2_ST20,86.95,100.0,100.0,100.0,7657,7638,7614,69.72,69.07,30.0
SA2_ST21,86.99,100.0,100.0,100.0,7647,7638,7619,69.75,69.11,29.97
SA2_ST29,87.14,100.0,100.0,100.0,7680,7675,7629,69.64,68.99,30.08
SA2_ST41,83.5,100.0,100.0,100.0,7377,7367,7311,57.1,56.57,42.51
SA2_ST16,86.76,100.0,100.0,100.0,7645,7634,7598,68.89,68.25,30.82
SA2_ST76,80.99,100.0,100.0,100.0,7144,7137,7092,47.09,46.65,52.43
SA2_ST74,81.4,100.0,100.0,100.0,7186,7174,7130,48.12,47.68,51.4
SA2_ST71,82.03,100.0,100.0,100.0,7254,7236,7180,49.77,49.31,49.77
SA2_ST59,81.6,100.0,100.0,100.0,7202,7195,7145,46.78,46.35,52.73
SA2_ST63,81.63,100.0,100.0,100.0,7228,7210,7147,47.25,46.81,52.26
SA2_ST69,82.24,100.0,100.0,100.0,7259,7249,7201,50.24,49.77,49.3
SA2_ST72,81.82,100.0,100.0,100.0,7227,7216,7165,49.23,48.77,50.31
SA2_ST75,81.18,100.0,100.0,100.0,7163,7154,7109,47.61,47.17,51.91
SA2_ST51,81.51,100.0,100.0,100.0,7196,7183,7140,47.75,47.31,51.77
SA2_ST68,82.31,100.0,100.0,100.0,7268,7257,7206,50.26,49.8,49.28
SA2_ST57,81.3,100.0,100.0,100.0,7211,7193,7112,45.5,45.08,54.0
SA2_ST50,81.43,100.0,100.0,100.0,7188,7171,7132,48.08,47.64,51.44
SA2_ST66,82.01,100.0,100.0,100.0,7251,7237,7182,48.85,48.4,50.68
SA2_ST77,80.75,100.0,100.0,100.0,7126,7117,7071,46.45,46.03,53.05
SA2_ST62,81.49,100.0,100.0,100.0,7208,7195,7136,46.83,46.4,52.68
SA2_ST47,81.71,100.0,100.0,100.0,7228,7214,7160,49.86,49.4,49.68
SA2_ST58,81.64,100.0,100.0,100.0,7216,7207,7147,46.5,46.07,53.01
SA2_ST56,81.35,100.0,100.0,100.0,7190,7180,7123,46.42,46.0,53.08
SA2_ST54,81.52,100.0,100.0,100.0,7194,7185,7140,47.27,46.83,52.24
SA2_ST65,82.05,100.0,100.0,100.0,7256,7237,7182,48.77,48.32,50.75
SA2_ST60,81.53,100.0,100.0,100.0,7195,7187,7138,46.78,46.35,52.73
SA2_ST67,82.2,100.0,100.0,100.0,7270,7256,7199,49.68,49.23,49.85
SA2_ST64,82.0,100.0,100.0,100.0,7254,7241,7186,48.55,48.1,50.97
SA2_ST70,82.17,100.0,100.0,100.0,7252,7241,7194,50.17,49.71,49.37
SA2_ST78,80.39,100.0,100.0,100.0,7091,7076,7044,45.63,45.21,53.87
SA2_ST55,81.46,100.0,100.0,100.0,7193,7184,7131,46.91,46.48,52.6
SA2_ST49,81.38,100.0,100.0,100.0,7166,7156,7128,48.36,47.92,51.16
SA2_ST52,81.78,100.0,100.0,100.0,7202,7194,7164,47.97,47.53,51.55
SA2_ST53,81.64,100.0,100.0,100.0,7196,7186,7156,47.55,47.12,51.96
SA2_ST61,81.43,100.0,100.0,100.0,7195,7180,7129,46.68,46.25,52.83
SA2_ST73,81.56,100.0,100.0,100.0,7205,7192,7142,48.68,48.23,50.84
SA2_ST48,81.42,100.0,100.0,100.0,7171,7162,7132,48.78,48.33,50.75
SA2_ST108,73.88,100.0,100.0,100.0,6513,6503,6473,30.94,30.66,68.42
SA2_ST106,74.62,100.0,100.0,100.0,6578,6567,6538,32.96,32.66,66.42
SA2_ST103,75.04,100.0,100.0,100.0,6621,6607,6572,33.34,33.03,66.05
SA2_ST91,78.63,100.0,100.0,100.0,6938,6925,6888,42.02,41.63,57.44
SA2_ST95,77.49,100.0,100.0,100.0,6832,6820,6790,39.73,39.36,59.71
SA2_ST101,75.4,100.0,100.0,100.0,6641,6633,6606,33.89,33.58,65.5
SA2_ST104,75.07,100.0,100.0,100.0,6617,6609,6577,33.69,33.38,65.7
SA2_ST107,74.25,100.0,100.0,100.0,6547,6537,6505,32.06,31.76,67.32
SA2_ST83,79.28,100.0,100.0,100.0,6985,6974,6946,42.99,42.59,56.49
SA2_ST100,75.67,100.0,100.0,100.0,6664,6655,6629,34.44,34.12,64.96
SA2_ST89,78.84,100.0,100.0,100.0,6956,6941,6907,42.4,42.01,57.07
SA2_ST82,79.46,100.0,100.0,100.0,7001,6990,6962,43.43,43.03,56.05
SA2_ST98,76.15,100.0,100.0,100.0,6722,6707,6667,35.75,35.42,63.66
SA2_ST109,73.41,100.0,100.0,100.0,6474,6465,6431,29.54,29.27,69.81
SA2_ST94,77.85,100.0,100.0,100.0,6863,6849,6822,40.63,40.25,58.82
SA2_ST79,80.15,100.0,100.0,100.0,7063,7052,7020,45.07,44.66,54.42
SA2_ST90,78.77,100.0,100.0,100.0,6947,6935,6901,42.27,41.88,57.2
SA2_ST88,78.94,100.0,100.0,100.0,6962,6951,6914,42.42,42.03,57.05
SA2_ST86,79.03,100.0,100.0,100.0,6967,6956,6922,42.55,42.16,56.92
SA2_ST97,76.58,100.0,100.0,100.0,6756,6744,6712,37.17,36.83,62.25
SA2_ST92,78.49,100.0,100.0,100.0,6919,6909,6880,41.79,41.4,57.68
SA2_ST99,75.85,100.0,100.0,100.0,6687,6671,6644,34.88,34.56,64.52
SA2_ST96,77.04,100.0,100.0,100.0,6795,6781,6749,38.48,38.13,60.95
SA2_ST102,75.2,100.0,100.0,100.0,6623,6614,6586,33.43,33.12,65.96
SA2_ST110,72.79,100.0,100.0,100.0,6427,6417,6377,28.19,27.93,71.15
SA2_ST87,78.95,100.0,100.0,100.0,6966,6951,6916,42.36,41.97,57.11
SA2_ST81,79.72,100.0,100.0,100.0,7023,7013,6985,43.99,43.58,55.49
SA2_ST84,79.18,100.0,100.0,100.0,6984,6967,6936,42.6,42.21,56.87
SA2_ST85,79.1,100.0,100.0,100.0,6976,6963,6930,42.6,42.21,56.87
SA2_ST93,78.19,100.0,100.0,100.0,6894,6879,6849,41.32,40.94,58.14
SA2_ST105,74.91,100.0,100.0,100.0,6608,6596,6562,33.43,33.12,65.96
SA2_ST80,79.92,100.0,100.0,100.0,7039,7030,7001,44.51,44.1,54.98
SA3_ST26,86.57,100.0,100.0,100.0,7621,7611,7583,68.15,67.52,31.56
SA3_ST24,86.59,100.0,100.0,100.0,7628,7619,7586,68.51,67.88,31.19
SA3_ST21,86.48,100.0,100.0,100.0,7599,7594,7576,68.27,67.64,31.44
SA3_ST9,86.13,100.0,100.0,100.0,7592,7584,7542,65.11,64.51,34.57
SA3_ST13,86.22,100.0,100.0,100.0,7589,7580,7554,66.54,65.92,33.15
SA3_ST19,86.48,100.0,100.0,100.0,7597,7593,7575,68.28,67.65,31.43
SA3_ST22,86.5,100.0,100.0,100.0,7601,7595,7576,68.35,67.72,31.35
SA3_ST25,86.59,100.0,100.0,100.0,7622,7614,7585,68.37,67.73,31.34
SA3_ST1,83.18,100.0,100.0,100.0,7321,7310,7284,53.31,52.81,46.26
SA3_ST18,86.57,100.0,100.0,100.0,7621,7609,7579,68.54,67.91,31.17
SA3_ST7,85.51,100.0,100.0,100.0,7524,7515,7492,62.75,62.17,36.91
SA2_ST114,70.7,100.0,100.0,100.0,6252,6239,6187,22.15,21.95,77.13
SA3_ST16,86.25,100.0,100.0,100.0,7598,7590,7556,67.3,66.68,32.4
SA3_ST27,86.54,100.0,100.0,100.0,7618,7608,7580,68.0,67.37,31.71
SA3_ST12,86.17,100.0,100.0,100.0,7600,7584,7559,65.73,65.13,33.95
SA2_ST111,72.32,100.0,100.0,100.0,6370,6362,6335,26.65,26.41,72.67
SA3_ST8,85.72,100.0,100.0,100.0,7548,7536,7508,63.48,62.9,36.18
SA3_ST6,85.29,100.0,100.0,100.0,7503,7495,7473,61.8,61.23,37.85
SA3_ST4,84.83,100.0,100.0,100.0,7467,7458,7433,59.48,58.94,40.14
SA3_ST15,86.19,100.0,100.0,100.0,7590,7581,7550,66.7,66.09,32.99
SA3_ST10,86.23,100.0,100.0,100.0,7578,7570,7554,65.66,65.05,34.03
SA3_ST17,86.53,100.0,100.0,100.0,7635,7628,7579,68.39,67.76,31.32
SA3_ST14,86.16,100.0,100.0,100.0,7584,7574,7548,66.64,66.03,33.05
SA3_ST20,86.44,100.0,100.0,100.0,7595,7590,7570,68.19,67.56,31.51
SA3_ST28,86.52,100.0,100.0,100.0,7615,7607,7579,67.88,67.25,31.83
SA3_ST5,85.09,100.0,100.0,100.0,7486,7476,7454,60.7,60.14,38.93
SA2_ST113,71.4,100.0,100.0,100.0,6303,6293,6257,23.94,23.72,75.36
SA3_ST2,83.5,100.0,100.0,100.0,7362,7347,7313,54.55,54.05,45.03
SA3_ST3,84.06,100.0,100.0,100.0,7422,7405,7361,56.52,56.0,43.08
SA3_ST11,86.05,100.0,100.0,100.0,7569,7560,7536,65.04,64.44,34.63
SA3_ST23,86.4,100.0,100.0,100.0,7637,7623,7563,68.06,67.44,31.64
SA2_ST112,71.95,100.0,100.0,100.0,6342,6331,6303,25.35,25.12,73.96
SA3_ST58,80.88,100.0,100.0,100.0,7140,7128,7082,44.18,43.77,55.31
SA3_ST56,80.74,100.0,100.0,100.0,7128,7115,7074,44.62,44.2,54.87
SA3_ST53,81.17,100.0,100.0,100.0,7159,7147,7110,46.11,45.69,53.39
SA3_ST41,82.9,100.0,100.0,100.0,7315,7303,7261,55.49,54.97,44.1
SA3_ST45,82.1,100.0,100.0,100.0,7243,7233,7192,51.43,50.96,48.12
SA3_ST51,81.02,100.0,100.0,100.0,7155,7137,7095,46.2,45.78,53.3
SA3_ST54,80.96,100.0,100.0,100.0,7140,7128,7092,45.6,45.18,53.9
SA3_ST57,80.64,100.0,100.0,100.0,7139,7116,7059,43.51,43.1,55.97
SA3_ST33,85.25,100.0,100.0,100.0,7518,7507,7468,63.35,62.77,36.31
SA3_ST50,81.05,100.0,100.0,100.0,7142,7131,7101,46.83,46.4,52.68
SA3_ST39,83.65,100.0,100.0,100.0,7384,7373,7328,58.08,57.55,41.53
SA3_ST32,85.66,100.0,100.0,100.0,7555,7544,7505,64.65,64.05,35.03
SA3_ST48,80.97,100.0,100.0,100.0,7136,7128,7095,47.23,46.79,52.28
SA3_ST59,80.83,100.0,100.0,100.0,7127,7116,7080,44.44,44.03,55.05
SA3_ST44,82.33,100.0,100.0,100.0,7264,7255,7211,52.71,52.22,46.86
SA3_ST29,86.48,100.0,100.0,100.0,7613,7605,7573,67.92,67.29,31.79
SA3_ST40,83.3,100.0,100.0,100.0,7354,7340,7298,56.98,56.45,42.63
SA3_ST38,83.89,100.0,100.0,100.0,7406,7392,7349,58.93,58.39,40.69
SA3_ST36,84.1,100.0,100.0,100.0,7439,7412,7367,59.98,59.43,39.65
SA3_ST47,81.3,100.0,100.0,100.0,7186,7176,7126,48.55,48.1,50.97
SA3_ST42,82.65,100.0,100.0,100.0,7314,7297,7238,54.59,54.08,45.0
SA3_ST49,80.99,100.0,100.0,100.0,7132,7122,7093,47.03,46.6,52.48
SA3_ST46,81.79,100.0,100.0,100.0,7219,7208,7166,50.13,49.67,49.41
SA3_ST52,81.29,100.0,100.0,100.0,7167,7155,7121,46.48,46.05,53.02
SA3_ST60,80.76,100.0,100.0,100.0,7121,7111,7073,44.54,44.13,54.95
SA3_ST37,84.02,100.0,100.0,100.0,7417,7404,7363,59.65,59.1,39.98
SA3_ST31,85.95,100.0,100.0,100.0,7586,7574,7530,65.79,65.18,33.9
SA3_ST34,84.84,100.0,100.0,100.0,7485,7475,7434,62.02,61.45,37.63
SA3_ST35,84.37,100.0,100.0,100.0,7456,7440,7385,60.66,60.1,38.98
SA3_ST43,82.56,100.0,100.0,100.0,7301,7290,7237,53.95,53.45,45.62
SA3_ST55,80.86,100.0,100.0,100.0,7134,7121,7082,45.14,44.73,54.35
SA3_ST30,86.35,100.0,100.0,100.0,7610,7602,7569,67.44,66.82,32.26
SA3_ST90,77.97,100.0,100.0,100.0,6877,6866,6829,39.36,39.0,60.08
SA3_ST88,78.09,100.0,100.0,100.0,6888,6878,6840,39.35,38.98,60.09
SA3_ST85,78.28,100.0,100.0,100.0,6904,6889,6855,39.51,39.15,59.93
SA3_ST73,80.69,100.0,100.0,100.0,7121,7107,7068,45.78,45.36,53.72
SA3_ST77,79.98,100.0,100.0,100.0,7046,7038,7006,44.01,43.61,55.47
SA3_ST83,78.56,100.0,100.0,100.0,6921,6910,6881,40.27,39.9,59.17
SA3_ST86,78.22,100.0,100.0,100.0,6896,6887,6850,39.52,39.15,59.92
SA3_ST89,78.03,100.0,100.0,100.0,6883,6869,6832,39.41,39.04,60.03
SA3_ST65,81.08,100.0,100.0,100.0,7156,7141,7102,45.74,45.31,53.76
SA3_ST82,78.76,100.0,100.0,100.0,6940,6930,6898,40.91,40.54,58.54
SA3_ST71,81.17,100.0,100.0,100.0,7167,7154,7109,47.05,46.62,52.46
SA3_ST64,81.08,100.0,100.0,100.0,7162,7143,7107,45.62,45.2,53.88
SA3_ST80,79.25,100.0,100.0,100.0,6982,6971,6941,42.19,41.81,57.27
SA3_ST91,77.84,100.0,100.0,100.0,6866,6856,6817,39.23,38.87,60.21
SA3_ST76,80.18,100.0,100.0,100.0,7065,7058,7024,44.55,44.14,54.94
SA3_ST61,80.67,100.0,100.0,100.0,7113,7102,7067,44.41,44.0,55.08
SA3_ST72,80.92,100.0,100.0,100.0,7143,7131,7089,46.33,45.9,53.18
SA3_ST70,81.31,100.0,100.0,100.0,7169,7157,7123,47.42,46.98,52.09
SA3_ST68,81.33,100.0,100.0,100.0,7182,7171,7133,47.14,46.7,52.37
SA3_ST79,79.48,100.0,100.0,100.0,7002,6994,6962,42.82,42.43,56.65
SA3_ST74,80.53,100.0,100.0,100.0,7104,7092,7055,45.31,44.9,54.18
SA3_ST81,79.05,100.0,100.0,100.0,6966,6954,6923,41.66,41.27,57.8
SA3_ST78,79.73,100.0,100.0,100.0,7025,7017,6985,43.42,43.02,56.05
SA3_ST84,78.44,100.0,100.0,100.0,6910,6901,6869,39.9,39.53,59.55
SA3_ST92,77.71,100.0,100.0,100.0,6857,6844,6807,39.15,38.79,60.29
SA3_ST69,81.37,100.0,100.0,100.0,7174,7163,7129,47.43,46.99,52.09
SA3_ST63,80.8,100.0,100.0,100.0,7143,7127,7079,44.67,44.26,54.82
SA3_ST66,80.99,100.0,100.0,100.0,7148,7132,7097,45.6,45.18,53.9
SA3_ST67,81.03,100.0,100.0,100.0,7184,7165,7089,45.8,45.37,53.7
SA3_ST75,80.35,100.0,100.0,100.0,7083,7075,7038,45.0,44.58,54.49
SA3_ST87,78.15,100.0,100.0,100.0,6888,6878,6844,39.45,39.08,59.99
SA3_ST62,80.61,100.0,100.0,100.0,7126,7101,7059,44.09,43.69,55.39
